event_ticker,market_ticker,checkpoint_offset_seconds,checkpoint_ts,model_probability,kalshi_yes_bid,kalshi_yes_ask,actual_result,kalshi_implied_vol,converted_dvol
KXBTCD-26SEP1117,KXBTCD-26SEP1117-T77499.99,3600,1789156800,0.22732359365594146,0.15,0.16,no,189.77014447617492,0.3657
KXBTCD-26SEP1117,KXBTCD-26SEP1117-T77499.99,1800,1789158600,0.27381822924120486,0.2,0.21,no,217.8393861229343,0.3661
KXBTCD-26SEP1117,KXBTCD-26SEP1117-T77499.99,600,1789159800,0.035319710100703616,0.01,0.02,no,994.7232545084343,0.3664
KXBTCD-26SEP1117,KXBTCD-26SEP1117-T77499.99,120,1789160280,0.00046856477038825783,0.0,0.01,no,2640.475584827724,0.36729999999999996
KXBTCD-26SEP1116,KXBTCD-26SEP1116-T77299.99,3600,1789153200,0.22862083053987015,0.23,0.24,yes,134.860307744797,0.3696
KXBTCD-26SEP1116,KXBTCD-26SEP1116-T77299.99,1800,1789155000,0.3709428078159943,0.31,0.32,yes,127.27458347716113,0.3682
KXBTCD-26SEP1116,KXBTCD-26SEP1116-T77299.99,600,1789156200,0.6124797738471636,0.45,0.46,yes,52.745672712767416,0.3674
KXBTCD-26SEP1116,KXBTCD-26SEP1116-T77299.99,120,1789156680,0.6036290760463725,0.6,0.61,yes,0.36082604889277065,0.3657
KXBTCD-26SEP1115,KXBTCD-26SEP1115-T77299.99,3600,1789149600,0.7411924613038019,0.73,0.74,no,0.3819587456734859,0.37079999999999996
KXBTCD-26SEP1115,KXBTCD-26SEP1115-T77299.99,1800,1789151400,0.2900488383348691,0.34,0.35,no,105.0736844233362,0.36950000000000005
KXBTCD-26SEP1115,KXBTCD-26SEP1115-T77299.99,600,1789152600,0.012829774732779131,0.07,0.08,no,659.4787736579956,0.3703
KXBTCD-26SEP1115,KXBTCD-26SEP1115-T77299.99,120,1789153080,2.568598612862072e-06,0.0,0.01,no,2640.2922574684453,0.3701
KXBTCD-26SEP1114,KXBTCD-26SEP1114-T76999.99,3600,1789146000,0.9978215688588246,0.96,0.97,yes,0.5863236442053322,0.373
KXBTCD-26SEP1114,KXBTCD-26SEP1114-T76999.99,1800,1789147800,0.9999510252145924,0.99,1.0,yes,0.5620399020660369,0.3718
KXBTCD-26SEP1114,KXBTCD-26SEP1114-T76999.99,600,1789149000,0.9999943850041436,0.99,1.0,yes,0.6337300313504537,0.3718
KXBTCD-26SEP1114,KXBTCD-26SEP1114-T76999.99,120,1789149480,1.0,0.99,1.0,yes,1.3824517682896356,0.3711
KXBTCD-26SEP1113,KXBTCD-26SEP1113-T77499.99,3600,1789142400,0.9113183843105677,0.72,0.73,yes,0.8498619749079601,0.3789
KXBTCD-26SEP1113,KXBTCD-26SEP1113-T77499.99,1800,1789144200,0.7758336637668596,0.68,0.69,yes,0.5887610410314831,0.3751
KXBTCD-26SEP1113,KXBTCD-26SEP1113-T77499.99,600,1789145400,0.9994025981502137,0.98,0.99,yes,0.556448572196684,0.3728
KXBTCD-26SEP1113,KXBTCD-26SEP1113-T77499.99,120,1789145880,0.9999999999999993,0.99,1.0,yes,1.1556047228992066,0.373
KXBTCD-26SEP1112,KXBTCD-26SEP1112-T77899.99,3600,1789138800,0.9972709810354712,0.94,0.95,no,0.6564166045807402,0.37810000000000005
KXBTCD-26SEP1112,KXBTCD-26SEP1112-T77899.99,1800,1789140600,0.9998632259775988,0.99,1.0,no,0.5311492852342675,0.3761
KXBTCD-26SEP1112,KXBTCD-26SEP1112-T77899.99,600,1789141800,0.9999970779442102,0.99,1.0,no,0.6626958486841538,0.3768
KXBTCD-26SEP1112,KXBTCD-26SEP1112-T77899.99,120,1789142280,2.520115635396003e-06,0.11,0.12,no,1229.2640497412083,0.3785
KXBTCD-26SEP1111,KXBTCD-26SEP1111-T77699.99,3600,1789135200,0.999999829951933,0.24,1.0,yes,5.79010701151362,0.3818
KXBTCD-26SEP1111,KXBTCD-26SEP1111-T77699.99,1800,1789137000,0.999999998082919,0.99,1.0,yes,0.8707170869908901,0.3811
KXBTCD-26SEP1111,KXBTCD-26SEP1111-T77699.99,600,1789138200,0.9999999999979106,0.99,1.0,yes,1.0190483346683412,0.379
KXBTCD-26SEP1111,KXBTCD-26SEP1111-T77699.99,120,1789138680,1.0,0.99,1.0,yes,2.8338921532830086,0.3784
KXBTCD-26SEP1110,KXBTCD-26SEP1110-T78799.99,3600,1789131600,0.001268713443829228,0.14,0.16,yes,192.91576783481233,0.3737
KXBTCD-26SEP1110,KXBTCD-26SEP1110-T78799.99,1800,1789133400,1.5872823933005265e-07,0.0,0.02,yes,615.0265303344372,0.3722
KXBTCD-26SEP1110,KXBTCD-26SEP1110-T78799.99,600,1789134600,0.002359433660217125,0.2,0.21,yes,376.4945029002577,0.3711
KXBTCD-26SEP1110,KXBTCD-26SEP1110-T78799.99,120,1789135080,0.9986199295123122,0.32,0.34,yes,453.604956176115,0.3799
KXBTCD-26SEP1109,KXBTCD-26SEP1109-T79199.99,3600,1789128000,9.512390874988341e-12,0.0,0.01,no,481.15132936370287,0.3897
KXBTCD-26SEP1109,KXBTCD-26SEP1109-T79199.99,1800,1789129800,0.0,0.0,0.01,no,680.052984816305,0.3914
KXBTCD-26SEP1109,KXBTCD-26SEP1109-T79199.99,600,1789131000,0.0,0.0,0.01,no,1179.6980197572288,0.37689999999999996
KXBTCD-26SEP1109,KXBTCD-26SEP1109-T79199.99,120,1789131480,0.0,0.0,0.01,no,2637.7211932863647,0.3741
KXBTCD-26SEP1108,KXBTCD-26SEP1108-T77999.99,3600,1789124400,0.0007523718095588383,0.0,0.01,no,481.691952813218,0.38689999999999997
KXBTCD-26SEP1108,KXBTCD-26SEP1108-T77999.99,600,1789127400,0.0,0.0,0.01,no,1179.789368440752,0.38939999999999997
KXBTCD-26SEP1108,KXBTCD-26SEP1108-T77999.99,120,1789127880,0.0,0.0,0.01,no,2638.4235320676808,0.3897
KXBTCD-26SEP1107,KXBTCD-26SEP1107-T76999.99,3600,1789120800,0.5640455486603416,0.58,0.59,no,0.2922267700857783,0.387
KXBTCD-26SEP1107,KXBTCD-26SEP1107-T76999.99,1800,1789122600,0.5682268872787744,0.52,0.53,no,1.0079244415390336,0.3868
KXBTCD-26SEP1107,KXBTCD-26SEP1107-T76999.99,600,1789123800,0.5211792780306016,0.36,0.37,no,158.3071858110716,0.3868
KXBTCD-26SEP1107,KXBTCD-26SEP1107-T76999.99,120,1789124280,0.5307705735071674,0.61,0.63,no,0.09825749972399109,0.387
KXBTCD-26SEP1106,KXBTCD-26SEP1106-T76999.99,3600,1789117200,0.8671886513920666,0.98,0.99,yes,0.1994095451245298,0.3882
KXBTCD-26SEP1106,KXBTCD-26SEP1106-T76999.99,1800,1789119000,0.717183103934222,0.87,0.88,yes,0.19399048469468494,0.38770000000000004
KXBTCD-26SEP1106,KXBTCD-26SEP1106-T76999.99,600,1789120200,0.4736096604803437,0.47,0.48,yes,28.343316352610824,0.3868
KXBTCD-26SEP1106,KXBTCD-26SEP1106-T76999.99,120,1789120680,0.8121710368180289,0.67,0.69,yes,0.7318797640978109,0.3868
KXBTCD-26SEP1105,KXBTCD-26SEP1105-T76999.99,3600,1789113600,0.7449111844578816,0.92,0.93,yes,0.18033536748166817,0.3932
KXBTCD-26SEP1105,KXBTCD-26SEP1105-T76999.99,1800,1789115400,0.9731150236331682,0.98,0.99,yes,0.34773803962568156,0.3912
KXBTCD-26SEP1105,KXBTCD-26SEP1105-T76999.99,600,1789116600,0.9926091858780424,0.99,1.0,yes,0.3678670492418413,0.3887
KXBTCD-26SEP1105,KXBTCD-26SEP1105-T76999.99,120,1789117080,0.9999999982933263,0.99,1.0,yes,0.8907309570120068,0.3883
KXBTCD-26SEP1104,KXBTCD-26SEP1104-T77299.99,3600,1789110000,0.44839968318959905,0.39,0.4,no,49.66120767068775,0.39380000000000004
KXBTCD-26SEP1104,KXBTCD-26SEP1104-T77299.99,1800,1789111800,0.48992444786317274,0.51,0.52,no,,0.3956
KXBTCD-26SEP1104,KXBTCD-26SEP1104-T77299.99,600,1789113000,0.2824382053450095,0.05,0.06,no,732.6604449911937,0.39490000000000003
KXBTCD-26SEP1104,KXBTCD-26SEP1104-T77299.99,120,1789113480,0.06466460402111074,0.01,0.02,no,2224.676030470954,0.39380000000000004
KXBTCD-26SEP1103,KXBTCD-26SEP1103-T77199.99,3600,1789106400,0.49058002540063284,0.5,0.51,yes,,0.39399999999999996
KXBTCD-26SEP1103,KXBTCD-26SEP1103-T77199.99,1800,1789108200,0.5159195735251297,0.67,0.68,yes,0.0359207520529457,0.39380000000000004
KXBTCD-26SEP1103,KXBTCD-26SEP1103-T77199.99,600,1789109400,0.6451601828062343,0.85,0.86,yes,0.1388686647619851,0.39390000000000003
KXBTCD-26SEP1103,KXBTCD-26SEP1103-T77199.99,120,1789109880,0.8316201414449612,0.98,0.99,yes,0.17437102246884198,0.39380000000000004
KXBTCD-26SEP1102,KXBTCD-26SEP1102-T77299.99,3600,1789102800,0.2346156058342171,0.07,0.08,no,269.2682732188238,0.3932
KXBTCD-26SEP1102,KXBTCD-26SEP1102-T77299.99,1800,1789104600,0.17125015461908966,0.03,0.04,no,479.4544459534035,0.3935
KXBTCD-26SEP1102,KXBTCD-26SEP1102-T77299.99,600,1789105800,0.1627524680859586,0.02,0.03,no,898.4837555347464,0.3943
KXBTCD-26SEP1102,KXBTCD-26SEP1102-T77299.99,120,1789106280,0.08623238443819159,0.0,0.01,no,2640.738783263747,0.39399999999999996
KXBTCD-26SEP1101,KXBTCD-26SEP1101-T77199.99,3600,1789099200,0.14558953292038224,0.05,0.06,no,298.9039864607045,0.3962
KXBTCD-26SEP1101,KXBTCD-26SEP1101-T77199.99,1800,1789101000,0.4321330774624515,0.34,0.35,no,105.41950052147178,0.3946
KXBTCD-26SEP1101,KXBTCD-26SEP1101-T77199.99,600,1789102200,0.20797733148923997,0.05,0.06,no,732.6025625050148,0.3931
KXBTCD-26SEP1101,KXBTCD-26SEP1101-T77199.99,120,1789102680,0.04887276072382768,0.0,0.01,no,2640.6946287599585,0.3933
KXBTCD-26SEP1100,KXBTCD-26SEP1100-T77099.99,3600,1789095600,0.21292137896998548,0.08,0.09,no,256.6323235312363,0.3973
KXBTCD-26SEP1100,KXBTCD-26SEP1100-T77099.99,1800,1789097400,0.05377942405709224,0.05,0.06,no,422.68385856672063,0.3971
KXBTCD-26SEP1100,KXBTCD-26SEP1100-T77099.99,600,1789098600,0.006336191744335196,0.0,0.01,no,1180.683393537714,0.397
KXBTCD-26SEP1100,KXBTCD-26SEP1100-T77099.99,120,1789099080,1.9165413547683752e-05,0.0,0.01,no,2640.3138733648516,0.39630000000000004
KXBTCD-26SEP1023,KXBTCD-26SEP1023-T76899.99,3600,1789092000,0.5466728706725448,0.52,0.53,no,0.7135865485918474,0.39759999999999995
KXBTCD-26SEP1023,KXBTCD-26SEP1023-T76899.99,1800,1789093800,0.32289351757166684,0.23,0.24,no,191.00616718988496,0.3985
KXBTCD-26SEP1023,KXBTCD-26SEP1023-T76899.99,600,1789095000,0.5116411459477643,0.48,0.49,no,17.556345901056876,0.3978
KXBTCD-26SEP1023,KXBTCD-26SEP1023-T76899.99,120,1789095480,0.14707206388420851,0.02,0.03,no,2009.300103672687,0.39740000000000003
KXBTCD-26SEP1022,KXBTCD-26SEP1022-T76799.99,3600,1789088400,0.6366852383243244,0.67,0.68,yes,0.3088725975783379,0.39990000000000003
KXBTCD-26SEP1022,KXBTCD-26SEP1022-T76799.99,1800,1789090200,0.466797283851168,0.46,0.47,yes,22.876044736849543,0.40009999999999996
KXBTCD-26SEP1022,KXBTCD-26SEP1022-T76799.99,600,1789091400,0.7716410800660037,0.75,0.76,yes,0.42945706772748043,0.39840000000000003
KXBTCD-26SEP1022,KXBTCD-26SEP1022-T76799.99,120,1789091880,0.9950967671439039,0.99,1.0,yes,0.3986416916443022,0.39759999999999995
KXBTCD-26SEP1021,KXBTCD-26SEP1021-T76999.99,3600,1789084800,0.12789421031014409,0.1,0.11,no,234.29001635086402,0.4023
KXBTCD-26SEP1021,KXBTCD-26SEP1021-T76999.99,1800,1789086600,0.1512009989312001,0.16,0.17,no,257.44955746170945,0.4004
KXBTCD-26SEP1021,KXBTCD-26SEP1021-T76999.99,600,1789087800,0.08434758104046597,0.01,0.02,no,994.7742622743187,0.40090000000000003
KXBTCD-26SEP1021,KXBTCD-26SEP1021-T76999.99,120,1789088280,0.012269111610690053,0.0,0.01,no,2640.598172139084,0.40009999999999996
KXBTCD-26SEP1020,KXBTCD-26SEP1020-T76899.99,3600,1789081200,0.44328981023579456,0.39,0.4,no,49.63947359745704,0.3985
KXBTCD-26SEP1020,KXBTCD-26SEP1020-T76899.99,1800,1789083000,0.27608973056155783,0.17,0.18,no,247.15571336158982,0.40090000000000003
KXBTCD-26SEP1020,KXBTCD-26SEP1020-T76899.99,600,1789084200,0.08586319396230369,0.03,0.04,no,830.4937353097208,0.401
KXBTCD-26SEP1020,KXBTCD-26SEP1020-T76899.99,120,1789084680,1.3868037551656442e-08,0.0,0.01,no,2640.079585458438,0.4023
KXBTCD-26SEP1019,KXBTCD-26SEP1019-T76499.99,3600,1789077600,0.9658336264821294,0.99,1.0,yes,0.28018219717210524,0.3957
KXBTCD-26SEP1019,KXBTCD-26SEP1019-T76499.99,1800,1789079400,0.9922946124978393,0.99,1.0,yes,0.37359506019084526,0.3972
KXBTCD-26SEP1019,KXBTCD-26SEP1019-T76499.99,600,1789080600,0.9996118997797968,0.99,1.0,yes,0.5183345172648346,0.3973
KXBTCD-26SEP1019,KXBTCD-26SEP1019-T76499.99,120,1789081080,0.9999999980882803,0.99,1.0,yes,0.9107716683949715,0.3983
KXBTCD-26SEP1018,KXBTCD-26SEP1018-T76799.99,3600,1789074000,0.9302080467433873,0.99,1.0,yes,0.226995273817351,0.3954
KXBTCD-26SEP1018,KXBTCD-26SEP1018-T76799.99,1800,1789075800,0.9689794447685222,0.99,1.0,yes,0.2871275145767993,0.3962
KXBTCD-26SEP1018,KXBTCD-26SEP1018-T76799.99,600,1789077000,0.9968610872719319,0.99,1.0,yes,0.4201318010076815,0.396
KXBTCD-26SEP1018,KXBTCD-26SEP1018-T76799.99,120,1789077480,0.9999999865239695,0.99,1.0,yes,0.8543695083818321,0.39590000000000003
KXBTCD-26SEP1017,KXBTCD-26SEP1017-T77249.99,3600,1789070400,0.4160047780739252,0.31,0.32,no,90.00166015452106,0.3953
KXBTCD-26SEP1017,KXBTCD-26SEP1017-T77249.99,1800,1789072200,0.5339516353386373,0.53,0.54,no,0.3839122987937653,0.3954
KXBTCD-26SEP1017,KXBTCD-26SEP1017-T77249.99,600,1789073400,0.511655107191058,0.4,0.41,no,110.28946391852172,0.3956
KXBTCD-26SEP1017,KXBTCD-26SEP1017-T77249.99,120,1789073880,0.5796957364122661,0.75,0.78,no,0.11028935122766567,0.39549999999999996
KXBTCD-26SEP1016,KXBTCD-26SEP1016-T77299.99,3600,1789066800,0.3908054581183864,0.27,0.28,no,111.71187983256489,0.39630000000000004
KXBTCD-26SEP1016,KXBTCD-26SEP1016-T77299.99,1800,1789068600,0.24214837480709667,0.19,0.2,no,227.24182593318034,0.3954
KXBTCD-26SEP1016,KXBTCD-26SEP1016-T77299.99,600,1789069800,0.048623513517652484,0.02,0.03,no,898.3471755958645,0.3951
KXBTCD-26SEP1016,KXBTCD-26SEP1016-T77299.99,120,1789070280,0.0237462624998252,0.0,0.01,no,2640.6433803720342,0.39520000000000005
KXBTCD-26SEP1015,KXBTCD-26SEP1015-T77199.99,3600,1789063200,0.6412735831862926,0.68,0.69,yes,0.2982968038185673,0.3961
KXBTCD-26SEP1015,KXBTCD-26SEP1015-T77199.99,1800,1789065000,0.2854328401609981,0.15,0.16,yes,268.5360487358156,0.3946
KXBTCD-26SEP1015,KXBTCD-26SEP1015-T77199.99,600,1789066200,0.2597519363252332,0.1,0.11,yes,574.5813083941919,0.39490000000000003
KXBTCD-26SEP1015,KXBTCD-26SEP1015-T77199.99,120,1789066680,0.6088665014797202,0.23,0.24,yes,740.8953453408617,0.3961
KXBTCD-26SEP1014,KXBTCD-26SEP1014-T77299.99,3600,1789059600,0.34888484595479563,0.27,0.29,yes,108.83937392467861,0.3953
KXBTCD-26SEP1014,KXBTCD-26SEP1014-T77299.99,1800,1789061400,0.6000110685265179,0.47,0.48,yes,18.079127953248012,0.39630000000000004
KXBTCD-26SEP1014,KXBTCD-26SEP1014-T77299.99,600,1789062600,0.6955889961662893,0.7,0.71,yes,0.37635019895787203,0.3962
KXBTCD-26SEP1014,KXBTCD-26SEP1014-T77299.99,120,1789063080,0.7208938143536963,0.62,0.63,yes,0.7268794442580812,0.3962
KXBTCD-26SEP1013,KXBTCD-26SEP1013-T77299.99,3600,1789056000,0.47420146635103344,0.45,0.46,no,20.937824208712264,0.39640000000000003
KXBTCD-26SEP1013,KXBTCD-26SEP1013-T77299.99,1800,1789057800,0.07070142208401892,0.01,0.02,no,574.2121386345865,0.3954
KXBTCD-26SEP1013,KXBTCD-26SEP1013-T77299.99,600,1789059000,0.060996034154627066,0.03,0.04,no,830.4583516870117,0.3958
KXBTCD-26SEP1013,KXBTCD-26SEP1013-T77299.99,120,1789059480,0.0458478823646008,0.0,0.01,no,2640.6885099194506,0.39549999999999996
KXBTCD-26SEP1012,KXBTCD-26SEP1012-T77199.99,3600,1789052400,0.6429153683258948,0.6,0.61,yes,0.5489621820560254,0.4012
KXBTCD-26SEP1012,KXBTCD-26SEP1012-T77199.99,1800,1789054200,0.3868693238626388,0.27,0.28,yes,158.05178560423042,0.39880000000000004
KXBTCD-26SEP1012,KXBTCD-26SEP1012-T77199.99,600,1789055400,0.42392675414727293,0.33,0.34,yes,195.2192876417434,0.39640000000000003
KXBTCD-26SEP1012,KXBTCD-26SEP1012-T77199.99,120,1789055880,0.6152306870784251,0.29,0.3,yes,552.6737260894237,0.39630000000000004
KXBTCD-26SEP1011,KXBTCD-26SEP1011-T77199.99,3600,1789048800,0.5781256026426306,0.52,0.54,yes,1.0069026984531897,0.4075
KXBTCD-26SEP1011,KXBTCD-26SEP1011-T77199.99,1800,1789050600,0.6038499834787064,0.55,0.56,yes,0.7588891590399358,0.4045
KXBTCD-26SEP1011,KXBTCD-26SEP1011-T77199.99,600,1789051800,0.7129066489961404,0.77,0.78,yes,0.29840620104587884,0.40090000000000003
KXBTCD-26SEP1011,KXBTCD-26SEP1011-T77199.99,120,1789052280,0.9975099364102205,0.99,1.0,yes,0.4377267453395197,0.40149999999999997
KXBTCD-26SEP1010,KXBTCD-26SEP1010-T77399.99,3600,1789045200,0.08271210343013313,0.22,0.23,no,140.6602626664476,0.4046
KXBTCD-26SEP1010,KXBTCD-26SEP1010-T77399.99,1800,1789047000,0.0056775187650655035,0.08,0.09,no,362.497359581233,0.4119
KXBTCD-26SEP1010,KXBTCD-26SEP1010-T77399.99,600,1789048200,0.0008406256800582712,0.02,0.03,no,898.0270313107103,0.4081
KXBTCD-26SEP1010,KXBTCD-26SEP1010-T77399.99,120,1789048680,0.0006992685550433753,0.0,0.01,no,2640.441452653801,0.4079
KXBTCD-26SEP1009,KXBTCD-26SEP1009-T77199.99,3600,1789041600,0.9777348029612265,0.97,0.98,no,0.40026147802993156,0.39049999999999996
KXBTCD-26SEP1009,KXBTCD-26SEP1009-T77199.99,1800,1789043400,0.9885080578896044,0.96,0.97,no,0.49460719245950996,0.3943
KXBTCD-26SEP1009,KXBTCD-26SEP1009-T77199.99,600,1789044600,0.22358987844136485,0.22,0.23,no,345.9667919307725,0.4031
KXBTCD-26SEP1009,KXBTCD-26SEP1009-T77199.99,120,1789045080,3.5604258430410596e-10,0.0,0.01,no,2639.981892222105,0.40340000000000004
KXBTCD-26SEP1008,KXBTCD-26SEP1008-T76899.99,3600,1789038000,0.9979397414090669,0.98,1.0,yes,0.48285007772196964,0.3917
KXBTCD-26SEP1008,KXBTCD-26SEP1008-T76899.99,1800,1789039800,0.9999992421030337,0.99,1.0,yes,0.7303834113434321,0.39149999999999996
KXBTCD-26SEP1008,KXBTCD-26SEP1008-T76899.99,600,1789041000,0.9999999999999409,0.99,1.0,yes,1.1237441594184643,0.39049999999999996
KXBTCD-26SEP1008,KXBTCD-26SEP1008-T76899.99,120,1789041480,1.0,0.99,1.0,yes,2.4821575145246966,0.39030000000000004
KXBTCD-26SEP1007,KXBTCD-26SEP1007-T77899.99,3600,1789034400,0.5589959211975244,0.62,0.63,no,0.1841723451353123,0.3911
KXBTCD-26SEP1007,KXBTCD-26SEP1007-T77899.99,1800,1789036200,0.5356129330229648,0.66,0.67,no,0.08369790498024943,0.39280000000000004
KXBTCD-26SEP1007,KXBTCD-26SEP1007-T77899.99,600,1789037400,0.6717836148221739,0.79,0.8,no,0.21237293520175501,0.39280000000000004
KXBTCD-26SEP1007,KXBTCD-26SEP1007-T77899.99,120,1789037880,0.32503162210260844,0.7,0.71,no,,0.39189999999999997
KXBTCD-26SEP1006,KXBTCD-26SEP1006-T77899.99,3600,1789030800,0.7292982103964026,0.89,0.9,yes,0.1941603711629337,0.3975
KXBTCD-26SEP1006,KXBTCD-26SEP1006-T77899.99,1800,1789032600,0.842178771995459,0.96,0.97,yes,0.21714861985124054,0.3917
KXBTCD-26SEP1006,KXBTCD-26SEP1006-T77899.99,600,1789033800,0.709832220322961,0.84,0.85,yes,0.21289832915589776,0.39049999999999996
KXBTCD-26SEP1006,KXBTCD-26SEP1006-T77899.99,120,1789034280,0.7627182189496602,0.89,0.9,yes,0.22306197165694164,0.3909
KXBTCD-26SEP1001,KXBTCD-26SEP1001-T78499.99,3600,1789012800,0.2958765091772741,0.15,0.16,no,189.82788009550163,0.4011
KXBTCD-26SEP1001,KXBTCD-26SEP1001-T78499.99,1800,1789014600,0.30230093537163794,0.12,0.13,no,304.34718077533273,0.402
KXBTCD-26SEP1001,KXBTCD-26SEP1001-T78499.99,600,1789015800,0.09538512256708692,0.02,0.03,no,898.4135843033653,0.4014
KXBTCD-26SEP1001,KXBTCD-26SEP1001-T78499.99,120,1789016280,0.07637695290226487,0.0,0.01,no,2640.724205679151,0.4022
KXBTCD-26SEP1000,KXBTCD-26SEP1000-T78399.99,3600,1789009200,0.42668316240100357,0.31,0.32,no,90.02162290283303,0.402
KXBTCD-26SEP1000,KXBTCD-26SEP1000-T78399.99,1800,1789011000,0.4301528587085225,0.39,0.4,no,70.2353268753447,0.40159999999999996
KXBTCD-26SEP1000,KXBTCD-26SEP1000-T78399.99,600,1789012200,0.397706148402864,0.59,0.6,no,,0.4017
KXBTCD-26SEP1000,KXBTCD-26SEP1000-T78399.99,120,1789012680,0.01694987377372853,0.0,0.01,no,2640.6171323561894,0.4011
KXBTCD-26SEP0923,KXBTCD-26SEP0923-T78299.99,3600,1789005600,0.25002255515811367,0.15,0.16,yes,189.77171664335984,0.4033
KXBTCD-26SEP0923,KXBTCD-26SEP0923-T78299.99,1800,1789007400,0.12521300759731635,0.04,0.05,yes,448.5429805864222,0.4035
KXBTCD-26SEP0923,KXBTCD-26SEP0923-T78299.99,600,1789008600,0.4433702502543538,0.45,0.46,yes,51.32044229719548,0.4032
KXBTCD-26SEP0923,KXBTCD-26SEP0923-T78299.99,120,1789009080,0.6986214820331,0.78,0.8,yes,0.25974638664419397,0.4023
KXBTCD-26SEP0922,KXBTCD-26SEP0922-T78299.99,3600,1789002000,0.35517171432671435,0.27,0.28,no,111.64587343094591,0.4017
KXBTCD-26SEP0922,KXBTCD-26SEP0922-T78299.99,1800,1789003800,0.27019448225025533,0.2,0.21,no,217.8070865142715,0.4031
KXBTCD-26SEP0922,KXBTCD-26SEP0922-T78299.99,600,1789005000,0.04582131702968578,0.01,0.02,no,994.7148689644554,0.4035
KXBTCD-26SEP0922,KXBTCD-26SEP0922-T78299.99,120,1789005480,0.001670110850270523,0.0,0.01,no,2640.488057942358,0.4032
KXBTCD-26SEP0921,KXBTCD-26SEP0921-T78099.99,3600,1788998400,0.7210300468609373,0.83,0.84,yes,0.24235669100682194,0.402
KXBTCD-26SEP0921,KXBTCD-26SEP0921-T78099.99,1800,1789000200,0.7654853938910106,0.89,0.9,yes,0.2328088934083128,0.4025
KXBTCD-26SEP0921,KXBTCD-26SEP0921-T78099.99,600,1789001400,0.5649261738295962,0.78,0.79,yes,0.08369638398028573,0.402
KXBTCD-26SEP0921,KXBTCD-26SEP0921-T78099.99,120,1789001880,0.8733790652072584,0.66,0.67,yes,1.0752248378345095,0.4019
KXBTCD-26SEP0920,KXBTCD-26SEP0920-T78199.99,3600,1788994800,0.21705619611755733,0.1,0.11,yes,234.40424437807133,0.4019
KXBTCD-26SEP0920,KXBTCD-26SEP0920-T78199.99,1800,1788996600,0.43247974363414654,0.4,0.41,yes,63.36422452184845,0.4017
KXBTCD-26SEP0920,KXBTCD-26SEP0920-T78199.99,600,1788997800,0.6337057987315231,0.78,0.79,yes,0.17449736252102604,0.4022
KXBTCD-26SEP0920,KXBTCD-26SEP0920-T78199.99,120,1788998280,0.8318581489154316,0.99,1.0,yes,0.1501156681488612,0.402
KXBTCD-26SEP0919,KXBTCD-26SEP0919-T78299.99,3600,1788991200,0.311853339256451,0.24,0.25,no,128.93471244376286,0.40049999999999997
KXBTCD-26SEP0919,KXBTCD-26SEP0919-T78299.99,1800,1788993000,0.09174530866233854,0.06,0.07,no,400.46985193588716,0.40159999999999996
KXBTCD-26SEP0919,KXBTCD-26SEP0919-T78299.99,600,1788994200,0.019106532628626605,0.0,0.01,no,1180.7441061212457,0.4021
KXBTCD-26SEP0919,KXBTCD-26SEP0919-T78299.99,120,1788994680,2.586736380649768e-11,0.0,0.01,no,2639.9226388911566,0.4019
KXBTCD-26SEP0918,KXBTCD-26SEP0918-T77899.99,3600,1788987600,0.8715343976273611,0.93,0.94,yes,0.3004949868453051,0.401
KXBTCD-26SEP0918,KXBTCD-26SEP0918-T77899.99,1800,1788989400,0.9223298513049798,0.97,0.98,yes,0.29136863527103735,0.4017
KXBTCD-26SEP0918,KXBTCD-26SEP0918-T77899.99,600,1788990600,0.7930155387071769,0.98,0.99,yes,0.15109485578108983,0.401
KXBTCD-26SEP0918,KXBTCD-26SEP0918-T77899.99,120,1788991080,0.9994177327577809,0.99,1.0,yes,0.50513898827362,0.4007
KXBTCD-26SEP0917,KXBTCD-26SEP0917-T77999.99,3600,1788984000,0.7630906313954207,0.83,0.84,yes,0.29349509120188094,0.3986
KXBTCD-26SEP0917,KXBTCD-26SEP0917-T77999.99,1800,1788985800,0.7824597383501375,0.68,0.69,yes,0.6459281566654679,0.39990000000000003
KXBTCD-26SEP0917,KXBTCD-26SEP0917-T77999.99,600,1788987000,0.8905724674844779,0.85,0.87,yes,0.4561934218702051,0.40090000000000003
KXBTCD-26SEP0917,KXBTCD-26SEP0917-T77999.99,120,1788987480,0.9999990664707048,0.99,1.0,yes,0.742202119469704,0.4011
KXBTCD-26SEP0916,KXBTCD-26SEP0916-T78299.99,3600,1788980400,0.6616326039038117,0.72,0.73,no,0.2780381080011938,0.39759999999999995
KXBTCD-26SEP0916,KXBTCD-26SEP0916-T78299.99,1800,1788982200,0.8284569649561082,0.94,0.95,no,0.23699908896225863,0.39909999999999995
KXBTCD-26SEP0916,KXBTCD-26SEP0916-T78299.99,600,1788983400,0.262314856391645,0.57,0.58,no,,0.39880000000000004
KXBTCD-26SEP0916,KXBTCD-26SEP0916-T78299.99,120,1788983880,0.09024484337721905,0.0,0.01,no,2640.74017715054,0.3987
KXBTCD-26SEP0915,KXBTCD-26SEP0915-T78199.99,3600,1788976800,0.9476413438121566,0.96,0.97,yes,0.35969050526693236,0.40159999999999996
KXBTCD-26SEP0915,KXBTCD-26SEP0915-T78199.99,1800,1788978600,0.9557795535047329,0.98,1.0,yes,0.29305675755377125,0.4
KXBTCD-26SEP0915,KXBTCD-26SEP0915-T78199.99,600,1788979800,0.9925223689665019,0.99,1.0,yes,0.3763944658696313,0.39840000000000003
KXBTCD-26SEP0915,KXBTCD-26SEP0915-T78199.99,120,1788980280,0.9999863675392202,0.99,1.0,yes,0.6477873225119904,0.3978
KXBTCD-26SEP0914,KXBTCD-26SEP0914-T78399.99,3600,1788973200,0.8708410298813142,0.89,0.9,yes,0.3642474404150819,0.40380000000000005
KXBTCD-26SEP0914,KXBTCD-26SEP0914-T78399.99,1800,1788975000,0.9666349313219369,0.98,0.99,yes,0.3411631087311706,0.40369999999999995
KXBTCD-26SEP0914,KXBTCD-26SEP0914-T78399.99,600,1788976200,0.9937116102822008,0.99,1.0,yes,0.38899253016820107,0.40149999999999997
KXBTCD-26SEP0914,KXBTCD-26SEP0914-T78399.99,120,1788976680,0.9999999999857971,0.99,1.0,yes,1.0376963228863314,0.4018
KXBTCD-26SEP0913,KXBTCD-26SEP0913-T78799.99,3600,1788969600,0.2724810375695733,0.25,0.26,no,122.95741343600602,0.4032
KXBTCD-26SEP0913,KXBTCD-26SEP0913-T78799.99,1800,1788971400,0.35801612861239346,0.2,0.21,no,217.92869467254187,0.4036
KXBTCD-26SEP0913,KXBTCD-26SEP0913-T78799.99,600,1788972600,0.38766579684457547,0.27,0.28,no,273.89220150049704,0.4039
KXBTCD-26SEP0913,KXBTCD-26SEP0913-T78799.99,120,1788973080,0.487051485571649,0.1,0.11,no,1285.2458070762373,0.40369999999999995
KXBTCD-26SEP0912,KXBTCD-26SEP0912-T78799.99,3600,1788966000,0.9615416046850769,0.88,0.89,no,0.5977252934456738,0.40619999999999995
KXBTCD-26SEP0912,KXBTCD-26SEP0912-T78799.99,1800,1788967800,0.06647255707316851,0.11,0.12,no,317.26151752916167,0.4032
KXBTCD-26SEP0912,KXBTCD-26SEP0912-T78799.99,600,1788969000,0.09604532204374183,0.1,0.11,no,574.3643328536116,0.4033
KXBTCD-26SEP0912,KXBTCD-26SEP0912-T78799.99,120,1788969480,0.0018673145564363502,0.0,0.01,no,2640.493508866006,0.4032
KXBTCD-26SEP0911,KXBTCD-26SEP0911-T78599.99,3600,1788962400,0.9237190783682696,0.87,0.88,yes,0.5044733709001575,0.406
KXBTCD-26SEP0911,KXBTCD-26SEP0911-T78599.99,1800,1788964200,0.9963209061251093,0.96,0.97,yes,0.5967514813089319,0.40369999999999995
KXBTCD-26SEP0911,KXBTCD-26SEP0911-T78599.99,600,1788965400,0.9997900425645442,0.99,1.0,yes,0.5557017405887877,0.40590000000000004
KXBTCD-26SEP0911,KXBTCD-26SEP0911-T78599.99,120,1788965880,0.9999999639647205,0.99,1.0,yes,0.8499694458607419,0.40659999999999996
KXBTCD-26SEP0910,KXBTCD-26SEP0910-T78999.99,3600,1788958800,0.9392203907563883,0.89,0.91,yes,0.49283477667131226,0.4082
KXBTCD-26SEP0910,KXBTCD-26SEP0910-T78999.99,1800,1788960600,0.9928623927361455,0.97,0.98,yes,0.5096338989645254,0.4078
KXBTCD-26SEP0910,KXBTCD-26SEP0910-T78999.99,600,1788961800,0.9923049300826419,0.94,0.95,yes,0.6146505680539288,0.4056
KXBTCD-26SEP0910,KXBTCD-26SEP0910-T78999.99,120,1788962280,0.9996946962290407,0.99,1.0,yes,0.5395583650113112,0.4056
KXBTCD-26SEP0909,KXBTCD-26SEP0909-T79099.99,3600,1788955200,0.8055943997990881,0.81,0.82,yes,0.39103310794696483,0.4067
KXBTCD-26SEP0909,KXBTCD-26SEP0909-T79099.99,1800,1788957000,0.9081373303415322,0.89,0.9,yes,0.4323984447468113,0.4078
KXBTCD-26SEP0909,KXBTCD-26SEP0909-T79099.99,600,1788958200,0.9999157412883559,0.98,0.99,yes,0.7076655480735882,0.40840000000000004
KXBTCD-26SEP0909,KXBTCD-26SEP0909-T79099.99,120,1788958680,0.9999999999999998,0.99,1.0,yes,1.2834672709335708,0.4082
KXBTCD-26SEP0908,KXBTCD-26SEP0908-T79599.99,3600,1788951600,0.023964913743691307,0.01,0.02,no,405.8496712296918,0.40490000000000004
KXBTCD-26SEP0908,KXBTCD-26SEP0908-T79599.99,1800,1788953400,0.007357186411575178,0.0,0.01,no,681.505233331212,0.406
KXBTCD-26SEP0908,KXBTCD-26SEP0908-T79599.99,600,1788954600,0.0088831649431666,0.0,0.01,no,1180.693803919307,0.40619999999999995
KXBTCD-26SEP0908,KXBTCD-26SEP0908-T79599.99,120,1788955080,3.635551396607983e-05,0.0,0.01,no,2640.321260698782,0.4065
KXBTCD-26SEP0907,KXBTCD-26SEP0907-T79299.99,3600,1788948000,0.20240174747048156,0.11,0.12,no,224.4152750129796,0.40340000000000004
KXBTCD-26SEP0907,KXBTCD-26SEP0907-T79299.99,1800,1788949800,0.23074910242334307,0.09,0.1,no,346.7182732965881,0.4036
KXBTCD-26SEP0907,KXBTCD-26SEP0907-T79299.99,600,1788951000,0.019755291511497686,0.0,0.01,no,1180.7448127365972,0.4039
KXBTCD-26SEP0907,KXBTCD-26SEP0907-T79299.99,120,1788951480,7.694310744099653e-10,0.0,0.01,no,2639.997437075518,0.405
KXBTCD-26SEP0906,KXBTCD-26SEP0906-T78899.99,3600,1788944400,0.9892563309474951,0.98,1.0,yes,0.3969409784332852,0.40159999999999996
KXBTCD-26SEP0906,KXBTCD-26SEP0906-T78899.99,1800,1788946200,0.9845146596232575,0.99,1.0,yes,0.33610531512734937,0.4012
KXBTCD-26SEP0906,KXBTCD-26SEP0906-T78899.99,600,1788947400,0.8329722857046947,0.85,0.86,yes,0.3674134310538042,0.40240000000000004
KXBTCD-26SEP0906,KXBTCD-26SEP0906-T78899.99,120,1788947880,0.8613684456480787,0.84,0.85,yes,0.4316949722367581,0.40340000000000004
KXBTCD-26SEP0905,KXBTCD-26SEP0905-T78999.99,3600,1788940800,0.8027697886584695,0.91,0.92,yes,0.2509780099833129,0.40380000000000005
KXBTCD-26SEP0905,KXBTCD-26SEP0905-T78999.99,1800,1788942600,0.9974443455882462,0.98,0.99,yes,0.5177155739749723,0.4014
KXBTCD-26SEP0905,KXBTCD-26SEP0905-T78999.99,600,1788943800,0.9999977151964737,0.99,1.0,yes,0.7138100614246946,0.40130000000000005
KXBTCD-26SEP0905,KXBTCD-26SEP0905-T78999.99,120,1788944280,1.0,0.99,1.0,yes,1.8181364086555845,0.40159999999999996
KXBTCD-26SEP0904,KXBTCD-26SEP0904-T79699.99,3600,1788937200,0.06667333821944416,0.01,0.02,no,405.93915032056805,0.4044
KXBTCD-26SEP0904,KXBTCD-26SEP0904-T79699.99,1800,1788939000,0.047277345154212114,0.0,0.01,no,681.6281345404486,0.4032
KXBTCD-26SEP0904,KXBTCD-26SEP0904-T79699.99,600,1788940200,0.0006909117754548277,0.0,0.01,no,1180.566243957723,0.40369999999999995
KXBTCD-26SEP0904,KXBTCD-26SEP0904-T79699.99,120,1788940680,3.5713654256142036e-11,0.0,0.01,no,2639.926877899003,0.4032
KXBTCD-26SEP0903,KXBTCD-26SEP0903-T79299.99,3600,1788933600,0.15409688154860107,0.05,0.06,no,298.90758560483397,0.4048
KXBTCD-26SEP0903,KXBTCD-26SEP0903-T79299.99,1800,1788935400,0.36010450219207457,0.14,0.15,no,279.9760177532536,0.405
KXBTCD-26SEP0903,KXBTCD-26SEP0903-T79299.99,600,1788936600,0.18446088118100457,0.02,0.03,no,898.4961363494851,0.4045
KXBTCD-26SEP0903,KXBTCD-26SEP0903-T79299.99,120,1788937080,0.03791280365927774,0.0,0.01,no,2640.6686524188844,0.4045
KXBTCD-26SEP0902,KXBTCD-26SEP0902-T79199.99,3600,1788930000,0.4206648428406087,0.32,0.33,no,84.7634201818103,0.4029
KXBTCD-26SEP0902,KXBTCD-26SEP0902-T79199.99,1800,1788931800,0.3603289649142739,0.32,0.33,no,119.8031981595901,0.40619999999999995
KXBTCD-26SEP0902,KXBTCD-26SEP0902-T79199.99,600,1788933000,0.012405702607942048,0.0,0.01,no,1180.7156223455463,0.40399999999999997
KXBTCD-26SEP0902,KXBTCD-26SEP0902-T79199.99,120,1788933480,6.214039082730327e-05,0.0,0.01,no,2640.344571776814,0.4046
KXBTCD-26SEP0901,KXBTCD-26SEP0901-T78999.99,3600,1788926400,0.26375987622421393,0.11,0.12,yes,224.4841653318309,0.40130000000000005
KXBTCD-26SEP0901,KXBTCD-26SEP0901-T78999.99,1800,1788928200,0.3401460834407607,0.17,0.18,yes,247.23353627535872,0.4022
KXBTCD-26SEP0901,KXBTCD-26SEP0901-T78999.99,600,1788929400,0.8629759542900848,0.8,0.81,yes,0.5120192928479367,0.40259999999999996
KXBTCD-26SEP0901,KXBTCD-26SEP0901-T78999.99,120,1788929880,0.9989688278626222,0.99,1.0,yes,0.4817868331373394,0.4028
KXBTCD-26SEP0900,KXBTCD-26SEP0900-T79199.99,3600,1788922800,0.08673407209911133,0.0,0.02,no,435.23372947709004,0.40159999999999996
KXBTCD-26SEP0900,KXBTCD-26SEP0900-T79199.99,1800,1788924600,0.006102322830036477,0.0,0.01,no,681.499356274185,0.4012
KXBTCD-26SEP0900,KXBTCD-26SEP0900-T79199.99,600,1788925800,3.117402613356246e-05,0.0,0.01,no,1180.4436408590414,0.40130000000000005
KXBTCD-26SEP0900,KXBTCD-26SEP0900-T79199.99,120,1788926280,0.0,0.0,0.01,no,2639.615543433423,0.40130000000000005
KXBTCD-26SEP0823,KXBTCD-26SEP0823-T78599.99,3600,1788919200,0.820210254938128,0.89,0.9,yes,0.2935352546669497,0.4012
KXBTCD-26SEP0823,KXBTCD-26SEP0823-T78599.99,1800,1788921000,0.8293467249707913,0.92,0.93,yes,0.26557888674722574,0.4014
KXBTCD-26SEP0823,KXBTCD-26SEP0823-T78599.99,600,1788922200,0.9117788066663205,0.98,0.99,yes,0.25032572579527884,0.4017
KXBTCD-26SEP0823,KXBTCD-26SEP0823-T78599.99,120,1788922680,0.9968523120707802,0.99,1.0,yes,0.4261510762445169,0.4018
KXBTCD-26SEP0822,KXBTCD-26SEP0822-T78699.99,3600,1788915600,0.5686479849802158,0.59,0.6,yes,0.28991459152155885,0.4007
KXBTCD-26SEP0822,KXBTCD-26SEP0822-T78699.99,1800,1788917400,0.560362607482922,0.57,0.58,yes,0.3225378637996739,0.40020000000000006
KXBTCD-26SEP0822,KXBTCD-26SEP0822-T78699.99,600,1788918600,0.9180830930118766,0.98,0.99,yes,0.2573697245896289,0.401
KXBTCD-26SEP0822,KXBTCD-26SEP0822-T78699.99,120,1788919080,0.9921547072270376,0.99,1.0,yes,0.3764121398572011,0.40130000000000005
KXBTCD-26SEP0821,KXBTCD-26SEP0821-T78899.99,3600,1788912000,0.10318095353334161,0.02,0.03,no,366.62797210340034,0.3993
KXBTCD-26SEP0821,KXBTCD-26SEP0821-T78899.99,1800,1788913800,0.12650431413369317,0.03,0.04,no,479.4079639219225,0.4004
KXBTCD-26SEP0821,KXBTCD-26SEP0821-T78899.99,600,1788915000,0.21301800704416263,0.02,0.03,no,898.5189610759629,0.4004
KXBTCD-26SEP0821,KXBTCD-26SEP0821-T78899.99,120,1788915480,0.06773469932491083,0.0,0.01,no,2640.715235115273,0.4007
KXBTCD-26SEP0820,KXBTCD-26SEP0820-T78799.99,3600,1788908400,0.25829963098545206,0.08,0.09,no,256.6729556851781,0.402
KXBTCD-26SEP0820,KXBTCD-26SEP0820-T78799.99,1800,1788910200,0.08565737594878353,0.01,0.02,no,574.2281417646437,0.3997
KXBTCD-26SEP0820,KXBTCD-26SEP0820-T78799.99,600,1788911400,0.006628790551506114,0.0,0.01,no,1180.683756937786,0.3992
KXBTCD-26SEP0820,KXBTCD-26SEP0820-T78799.99,120,1788911880,3.377552521000027e-08,0.0,0.01,no,2640.1107137133085,0.3992
KXBTCD-26SEP0819,KXBTCD-26SEP0819-T78499.99,3600,1788904800,0.5697443296096965,0.56,0.57,yes,0.4309578294110787,0.4021
KXBTCD-26SEP0819,KXBTCD-26SEP0819-T78499.99,1800,1788906600,0.50442651269423,0.45,0.46,yes,29.969102713303766,0.4023
KXBTCD-26SEP0819,KXBTCD-26SEP0819-T78499.99,600,1788907800,0.6332131744533498,0.72,0.73,yes,0.2294182757783831,0.4022
KXBTCD-26SEP0819,KXBTCD-26SEP0819-T78499.99,120,1788908280,0.9245381603650232,0.98,0.99,yes,0.2661711158756505,0.4021
KXBTCD-26SEP0818,KXBTCD-26SEP0818-T78599.99,3600,1788901200,0.39029152864148264,0.27,0.28,no,111.70790465114062,0.40299999999999997
KXBTCD-26SEP0818,KXBTCD-26SEP0818-T78599.99,1800,1788903000,0.4685752852727495,0.3,0.31,no,134.9687661071446,0.40270000000000006
KXBTCD-26SEP0818,KXBTCD-26SEP0818-T78599.99,600,1788904200,0.16349574426052443,0.11,0.12,no,550.0592758744368,0.40240000000000004
KXBTCD-26SEP0818,KXBTCD-26SEP0818-T78599.99,120,1788904680,0.03207509621151189,0.0,0.01,no,2640.6585589618358,0.402
KXBTCD-26SEP0817,KXBTCD-26SEP0817-T78499.99,3600,1788897600,0.4596642566058877,0.39,0.41,no,47.26580875296779,0.4029
KXBTCD-26SEP0817,KXBTCD-26SEP0817-T78499.99,1800,1788899400,0.5887904380302317,0.7,0.71,no,0.16875325379002487,0.4029
KXBTCD-26SEP0817,KXBTCD-26SEP0817-T78499.99,600,1788900600,0.631561314960546,0.51,0.52,no,3.0656850921986094,0.4031
KXBTCD-26SEP0817,KXBTCD-26SEP0817-T78499.99,120,1788901080,0.6300250362794427,0.54,0.55,no,1.1728770029032733,0.40299999999999997
KXBTCD-26SEP0816,KXBTCD-26SEP0816-T78499.99,3600,1788894000,0.42306308037514906,0.35,0.36,no,69.4001665625619,0.4008
KXBTCD-26SEP0816,KXBTCD-26SEP0816-T78499.99,1800,1788895800,0.45766106877767687,0.43,0.44,no,43.06564204452231,0.4021
KXBTCD-26SEP0816,KXBTCD-26SEP0816-T78499.99,600,1788897000,0.13451010237319244,0.15,0.16,no,465.0608853441658,0.4023
KXBTCD-26SEP0816,KXBTCD-26SEP0816-T78499.99,120,1788897480,0.031081949039357404,0.0,0.01,no,2640.6556511245126,0.40299999999999997
KXBTCD-26SEP0815,KXBTCD-26SEP0815-T78499.99,3600,1788890400,0.5698136522164892,0.56,0.57,no,0.4274171860118128,0.39840000000000003
KXBTCD-26SEP0815,KXBTCD-26SEP0815-T78499.99,1800,1788892200,0.8427495486993208,0.93,0.94,no,0.2661436032777714,0.4003
KXBTCD-26SEP0815,KXBTCD-26SEP0815-T78499.99,600,1788893400,0.2746130721857515,0.1,0.11,no,574.5928367657069,0.4006
KXBTCD-26SEP0815,KXBTCD-26SEP0815-T78499.99,120,1788893880,0.16374297471409938,0.0,0.01,no,2640.79527060478,0.4004
KXBTCD-26SEP0814,KXBTCD-26SEP0814-T78399.99,3600,1788886800,0.8781415409416471,0.92,0.93,yes,0.3230737058193485,0.3987
KXBTCD-26SEP0814,KXBTCD-26SEP0814-T78399.99,1800,1788888600,0.8282096047873111,0.87,0.88,yes,0.32867555000811277,0.39899999999999997
KXBTCD-26SEP0814,KXBTCD-26SEP0814-T78399.99,600,1788889800,0.8737394897865967,0.9,0.91,yes,0.3475505758236162,0.39799999999999996
KXBTCD-26SEP0814,KXBTCD-26SEP0814-T78399.99,120,1788890280,0.9850951202660292,0.99,1.0,yes,0.33605180203714097,0.39840000000000003
KXBTCD-26SEP0813,KXBTCD-26SEP0813-T78499.99,3600,1788883200,0.8385181661280294,0.86,0.87,yes,0.357491250131474,0.39880000000000004
KXBTCD-26SEP0813,KXBTCD-26SEP0813-T78499.99,1800,1788885000,0.7235916447708577,0.78,0.79,yes,0.2995102198305047,0.3978
KXBTCD-26SEP0813,KXBTCD-26SEP0813-T78499.99,600,1788886200,0.9966698385586439,0.99,1.0,yes,0.4200794249014569,0.39880000000000004
KXBTCD-26SEP0813,KXBTCD-26SEP0813-T78499.99,120,1788886680,0.9999877152976681,0.99,1.0,yes,0.6528936598827226,0.3987
KXBTCD-26SEP0812,KXBTCD-26SEP0812-T78799.99,3600,1788879600,0.25618155059704845,0.21,0.22,yes,147.4008299480481,0.39520000000000005
KXBTCD-26SEP0812,KXBTCD-26SEP0812-T78799.99,1800,1788881400,0.08194301955327099,0.05,0.06,yes,422.73851633265133,0.39640000000000003
KXBTCD-26SEP0812,KXBTCD-26SEP0812-T78799.99,600,1788882600,0.4001408313510846,0.35,0.36,yes,170.23287853773283,0.3981
KXBTCD-26SEP0812,KXBTCD-26SEP0812-T78799.99,120,1788883080,0.8937059858855015,0.97,0.98,yes,0.25379965628118034,0.39899999999999997
KXBTCD-26SEP0811,KXBTCD-26SEP0811-T78899.99,3600,1788876000,0.0025661152852770597,0.0,0.03,no,405.711066386634,0.3934
KXBTCD-26SEP0811,KXBTCD-26SEP0811-T78899.99,1800,1788877800,0.00530677665003465,0.02,0.03,no,518.3387971766684,0.395
KXBTCD-26SEP0811,KXBTCD-26SEP0811-T78899.99,600,1788879000,0.009485367218429075,0.01,0.02,no,994.6009445426528,0.3954
KXBTCD-26SEP0811,KXBTCD-26SEP0811-T78899.99,120,1788879480,6.934958329818386e-09,0.0,0.01,no,2640.076288134583,0.3953
KXBTCD-26SEP0810,KXBTCD-26SEP0810-T78599.99,3600,1788872400,0.3158447169146349,0.3,0.31,no,95.10987946134169,0.3946
KXBTCD-26SEP0810,KXBTCD-26SEP0810-T78599.99,1800,1788874200,0.14520699283513755,0.15,0.16,no,268.34497553009703,0.3946
KXBTCD-26SEP0810,KXBTCD-26SEP0810-T78599.99,600,1788875400,8.542389018373342e-11,0.0,0.01,no,1180.0921761416193,0.3932
KXBTCD-26SEP0810,KXBTCD-26SEP0810-T78599.99,120,1788875880,0.0,0.0,0.01,no,2639.274566479694,0.3934
KXBTCD-26SEP0809,KXBTCD-26SEP0809-T77999.99,3600,1788868800,0.865124144522467,0.91,0.92,yes,0.3171793013161359,0.39409999999999995
KXBTCD-26SEP0809,KXBTCD-26SEP0809-T77999.99,1800,1788870600,0.9433371297819753,0.95,0.96,yes,0.3686751277124474,0.3947
KXBTCD-26SEP0809,KXBTCD-26SEP0809-T77999.99,600,1788871800,0.9976304336601329,0.99,1.0,yes,0.43241058733070087,0.3944
KXBTCD-26SEP0809,KXBTCD-26SEP0809-T77999.99,120,1788872280,0.9999999999930662,0.99,1.0,yes,1.0353930951929824,0.3947
KXBTCD-26SEP0808,KXBTCD-26SEP0808-T78499.99,3600,1788865200,0.5460314837358549,0.53,0.56,no,0.403661196977683,0.39490000000000003
KXBTCD-26SEP0808,KXBTCD-26SEP0808-T78499.99,1800,1788867000,0.3759775095198387,0.29,0.3,no,142.41360570986956,0.39409999999999995
KXBTCD-26SEP0808,KXBTCD-26SEP0808-T78499.99,600,1788868200,0.23700098765104793,0.12,0.13,no,527.2122239382305,0.3943
KXBTCD-26SEP0808,KXBTCD-26SEP0808-T78499.99,120,1788868680,0.15783947360937378,0.01,0.02,no,2224.7691179272333,0.39399999999999996
KXBTCD-26SEP0807,KXBTCD-26SEP0807-T78399.99,3600,1788861600,0.8437961105147229,0.93,0.94,yes,0.26451080307265273,0.396
KXBTCD-26SEP0807,KXBTCD-26SEP0807-T78399.99,1800,1788863400,0.9723296309198771,0.98,0.99,yes,0.3504349991978048,0.3968
KXBTCD-26SEP0807,KXBTCD-26SEP0807-T78399.99,600,1788864600,0.9822733765115523,0.98,0.99,yes,0.38321148195250865,0.3954
KXBTCD-26SEP0807,KXBTCD-26SEP0807-T78399.99,120,1788865080,0.9994098016096082,0.99,1.0,yes,0.4968597213307904,0.3946
KXBTCD-26SEP0806,KXBTCD-26SEP0806-T78599.99,3600,1788858000,0.23664784702369673,0.12,0.13,yes,215.08867611918186,0.3936
KXBTCD-26SEP0806,KXBTCD-26SEP0806-T78599.99,1800,1788859800,0.28305183294688085,0.16,0.17,yes,257.6414939464762,0.3946
KXBTCD-26SEP0806,KXBTCD-26SEP0806-T78599.99,600,1788861000,0.9159404395981783,0.94,0.95,yes,0.34164920250319825,0.3961
KXBTCD-26SEP0806,KXBTCD-26SEP0806-T78599.99,120,1788861480,0.9896044030629271,0.99,1.0,yes,0.35541356903911436,0.396
KXBTCD-26SEP0805,KXBTCD-26SEP0805-T78799.99,3600,1788854400,0.09156085095106092,0.06,0.07,no,283.08491501064196,0.3862
KXBTCD-26SEP0805,KXBTCD-26SEP0805-T78799.99,1800,1788856200,0.06012695751366948,0.03,0.04,no,479.32936372426224,0.3861
KXBTCD-26SEP0805,KXBTCD-26SEP0805-T78799.99,600,1788857400,0.003354445902322478,0.0,0.01,no,1180.6548061389262,0.3922
KXBTCD-26SEP0805,KXBTCD-26SEP0805-T78799.99,120,1788857880,2.8700208876131228e-11,0.0,0.01,no,2639.946943389822,0.3933
KXBTCD-26SEP0804,KXBTCD-26SEP0804-T78399.99,3600,1788850800,0.3793037123772341,0.34,0.35,yes,74.36391665141483,0.3874
KXBTCD-26SEP0804,KXBTCD-26SEP0804-T78399.99,1800,1788852600,0.568529181591904,0.61,0.62,yes,0.23029178817543305,0.38789999999999997
KXBTCD-26SEP0804,KXBTCD-26SEP0804-T78399.99,600,1788853800,0.06996477338280682,0.08,0.09,yes,628.7656811630579,0.387
KXBTCD-26SEP0804,KXBTCD-26SEP0804-T78399.99,120,1788854280,0.7915509320229863,0.58,0.59,yes,1.45212739730144,0.3864
KXBTCD-26SEP0803,KXBTCD-26SEP0803-T78499.99,3600,1788847200,0.6011552134253202,0.63,0.64,no,0.29049012976710675,0.3897
KXBTCD-26SEP0803,KXBTCD-26SEP0803-T78499.99,1800,1788849000,0.3049820808976292,0.23,0.24,no,190.9855553680992,0.3881
KXBTCD-26SEP0803,KXBTCD-26SEP0803-T78499.99,600,1788850200,0.13607887883545533,0.05,0.06,no,732.5362800870628,0.3876
KXBTCD-26SEP0803,KXBTCD-26SEP0803-T78499.99,120,1788850680,0.000844264545604656,0.0,0.01,no,2640.475248272953,0.3873
KXBTCD-26SEP0802,KXBTCD-26SEP0802-T78299.99,3600,1788843600,0.8450558101947623,0.89,0.9,yes,0.31549454215468536,0.3892
KXBTCD-26SEP0802,KXBTCD-26SEP0802-T78299.99,1800,1788845400,0.9816183548425421,0.98,0.99,yes,0.3744692275319067,0.38909999999999995
KXBTCD-26SEP0802,KXBTCD-26SEP0802-T78299.99,600,1788846600,0.9985444033811602,0.99,1.0,yes,0.4488426252526925,0.3884
KXBTCD-26SEP0802,KXBTCD-26SEP0802-T78299.99,120,1788847080,0.9999909657044761,0.99,1.0,yes,0.648227681158057,0.3895
KXBTCD-26SEP0801,KXBTCD-26SEP0801-T78599.99,3600,1788840000,0.8260734834324992,0.93,0.94,yes,0.24194809047840174,0.3897
KXBTCD-26SEP0801,KXBTCD-26SEP0801-T78599.99,1800,1788841800,0.8193018616964585,0.89,0.9,yes,0.28351360091655925,0.38909999999999995
KXBTCD-26SEP0801,KXBTCD-26SEP0801-T78599.99,600,1788843000,0.9431919133814659,0.99,1.0,yes,0.23913734628028466,0.3892
KXBTCD-26SEP0801,KXBTCD-26SEP0801-T78599.99,120,1788843480,0.9613863761713115,0.98,0.99,yes,0.31684935053409824,0.38909999999999995
KXBTCD-26SEP0800,KXBTCD-26SEP0800-T78699.99,3600,1788836400,0.7520939930689319,0.88,0.89,yes,0.22140560076326768,0.38939999999999997
KXBTCD-26SEP0800,KXBTCD-26SEP0800-T78699.99,1800,1788838200,0.7554126112560511,0.64,0.65,yes,0.7199665299604963,0.38909999999999995
KXBTCD-26SEP0800,KXBTCD-26SEP0800-T78699.99,600,1788839400,0.9621035833041076,0.95,0.96,yes,0.4081246070966441,0.3897
KXBTCD-26SEP0800,KXBTCD-26SEP0800-T78699.99,120,1788839880,0.9996984894338508,0.99,1.0,yes,0.5189220598770129,0.3897
KXBTCD-26SEP0723,KXBTCD-26SEP0723-T78899.99,3600,1788832800,0.9398762067705038,0.98,0.99,yes,0.2766174095732815,0.3861
KXBTCD-26SEP0723,KXBTCD-26SEP0723-T78899.99,1800,1788834600,0.9219295822724242,0.98,0.99,yes,0.25331847208825975,0.3874
KXBTCD-26SEP0723,KXBTCD-26SEP0723-T78899.99,600,1788835800,0.927854133240475,0.98,0.99,yes,0.26139079375824115,0.3884
KXBTCD-26SEP0723,KXBTCD-26SEP0723-T78899.99,120,1788836280,0.5431078379600535,0.96,0.97,yes,0.023342994311942485,0.3893
KXBTCD-26SEP0722,KXBTCD-26SEP0722-T78899.99,3600,1788829200,0.893940527792315,0.96,0.97,yes,0.2668747057443324,0.3872
KXBTCD-26SEP0722,KXBTCD-26SEP0722-T78899.99,1800,1788831000,0.9731345064740429,0.98,0.99,yes,0.34361536077078814,0.3865
KXBTCD-26SEP0722,KXBTCD-26SEP0722-T78899.99,600,1788832200,0.9994649853029132,0.99,1.0,yes,0.4902895375840135,0.3861
KXBTCD-26SEP0722,KXBTCD-26SEP0722-T78899.99,120,1788832680,1.0,0.99,1.0,yes,1.3918330326727968,0.3862
KXBTCD-26SEP0721,KXBTCD-26SEP0721-T79399.99,3600,1788825600,0.17488973670638286,0.05,0.06,no,298.93869684170875,0.38799999999999996
KXBTCD-26SEP0721,KXBTCD-26SEP0721-T79399.99,1800,1788827400,0.03293167560216603,0.01,0.02,no,574.1504689186636,0.38880000000000003
KXBTCD-26SEP0721,KXBTCD-26SEP0721-T79399.99,600,1788828600,0.13066264337450267,0.04,0.05,no,777.1160415655307,0.3875
KXBTCD-26SEP0721,KXBTCD-26SEP0721-T79399.99,120,1788829080,0.03578574316023986,0.0,0.01,no,2640.6765353847504,0.3873
KXBTCD-26SEP0720,KXBTCD-26SEP0720-T79299.99,3600,1788822000,0.14745445972830867,0.04,0.05,no,317.12158854757325,0.3881
KXBTCD-26SEP0720,KXBTCD-26SEP0720-T79299.99,1800,1788823800,0.09528640137725908,0.03,0.04,no,479.38008391504053,0.3882
KXBTCD-26SEP0720,KXBTCD-26SEP0720-T79299.99,600,1788825000,0.13717668809898736,0.04,0.05,no,777.1225557146224,0.3881
KXBTCD-26SEP0720,KXBTCD-26SEP0720-T79299.99,120,1788825480,0.00240346219498061,0.0,0.01,no,2640.5227933231135,0.38789999999999997
KXBTCD-26SEP0719,KXBTCD-26SEP0719-T79099.99,3600,1788818400,0.5630728712012162,0.65,0.66,no,0.15540157357395085,0.3862
KXBTCD-26SEP0719,KXBTCD-26SEP0719-T79099.99,1800,1788820200,0.4170246030222773,0.45,0.46,no,29.19590810597074,0.3861
KXBTCD-26SEP0719,KXBTCD-26SEP0719-T79099.99,600,1788821400,0.14141950260434627,0.03,0.04,no,830.5663155646812,0.38789999999999997
KXBTCD-26SEP0719,KXBTCD-26SEP0719-T79099.99,120,1788821880,0.00141726738257697,0.0,0.01,no,2640.497755303701,0.38799999999999996
KXBTCD-26SEP0718,KXBTCD-26SEP0718-T78899.99,3600,1788814800,0.8597294119571346,0.97,0.98,yes,0.21335612775332358,0.387
KXBTCD-26SEP0718,KXBTCD-26SEP0718-T78899.99,1800,1788816600,0.9163824964509089,0.99,1.0,yes,0.2076095857309343,0.38689999999999997
KXBTCD-26SEP0718,KXBTCD-26SEP0718-T78899.99,600,1788817800,0.9774747258298521,0.99,1.0,yes,0.3006192747602912,0.38630000000000003
KXBTCD-26SEP0718,KXBTCD-26SEP0718-T78899.99,120,1788818280,0.999998807087268,0.99,1.0,yes,0.7073785248850624,0.38630000000000003
KXBTCD-26SEP0717,KXBTCD-26SEP0717-T79249.99,3600,1788811200,0.6328880421061657,0.72,0.73,no,0.22070906522674608,0.387
KXBTCD-26SEP0717,KXBTCD-26SEP0717-T79249.99,1800,1788813000,0.4504337285658288,0.29,0.3,no,142.55567523582977,0.38659999999999994
KXBTCD-26SEP0717,KXBTCD-26SEP0717-T79249.99,600,1788814200,0.4490654039786086,0.28,0.29,no,260.37604603127073,0.3865
KXBTCD-26SEP0717,KXBTCD-26SEP0717-T79249.99,120,1788814680,0.3197386984616365,0.08,0.09,no,1406.7617559865084,0.38689999999999997
KXBTCD-26SEP0716,KXBTCD-26SEP0716-T79199.99,3600,1788807600,0.49003845775167465,0.47,0.48,yes,11.595164963311865,0.3864
KXBTCD-26SEP0716,KXBTCD-26SEP0716-T79199.99,1800,1788809400,0.5603643315906526,0.64,0.65,yes,0.15930086256174938,0.38689999999999997
KXBTCD-26SEP0716,KXBTCD-26SEP0716-T79199.99,600,1788810600,0.8944923959433806,0.99,1.0,yes,0.1880174729692528,0.387
KXBTCD-26SEP0716,KXBTCD-26SEP0716-T79199.99,120,1788811080,0.9891720977191278,0.99,1.0,yes,0.3452003645506911,0.3872
KXBTCD-26SEP0715,KXBTCD-26SEP0715-T79399.99,3600,1788804000,0.27208878209030657,0.07,0.08,no,269.3031000458104,0.38659999999999994
KXBTCD-26SEP0715,KXBTCD-26SEP0715-T79399.99,1800,1788805800,0.11349660567975556,0.01,0.02,no,574.2647778992211,0.3868
KXBTCD-26SEP0715,KXBTCD-26SEP0715-T79399.99,600,1788807000,0.06737620756125978,0.0,0.01,no,1180.8430889547699,0.3868
KXBTCD-26SEP0715,KXBTCD-26SEP0715-T79399.99,120,1788807480,0.00031223281439751727,0.0,0.01,no,2640.4341050678668,0.3865
KXBTCD-26SEP0714,KXBTCD-26SEP0714-T79199.99,3600,1788800400,0.29094686256023305,0.14,0.15,no,197.86806035489155,0.3882
KXBTCD-26SEP0714,KXBTCD-26SEP0714-T79199.99,1800,1788802200,0.3529271371341336,0.24,0.25,no,182.53191876999864,0.38689999999999997
KXBTCD-26SEP0714,KXBTCD-26SEP0714-T79199.99,600,1788803400,0.4181794411960647,0.21,0.22,no,361.75877129014896,0.38689999999999997
KXBTCD-26SEP0714,KXBTCD-26SEP0714-T79199.99,120,1788803880,0.3687399195329687,0.02,0.03,no,2009.4467296060554,0.3865
KXBTCD-26SEP0713,KXBTCD-26SEP0713-T79199.99,3600,1788796800,0.14584852673270948,0.06,0.07,no,283.15462699164766,0.38770000000000004
KXBTCD-26SEP0713,KXBTCD-26SEP0713-T79199.99,1800,1788798600,0.055177167985186626,0.01,0.02,no,574.1949630321272,0.3875
KXBTCD-26SEP0713,KXBTCD-26SEP0713-T79199.99,600,1788799800,0.04966434911789852,0.0,0.01,no,1180.8194129056558,0.38799999999999996
KXBTCD-26SEP0713,KXBTCD-26SEP0713-T79199.99,120,1788800280,0.00013627133245364131,0.0,0.01,no,2640.3987786620696,0.3882
KXBTCD-26SEP0712,KXBTCD-26SEP0712-T78999.99,3600,1788793200,0.6944371709461501,0.8,0.81,no,0.22892090996799952,0.386
KXBTCD-26SEP0712,KXBTCD-26SEP0712-T78999.99,1800,1788795000,0.445010757694736,0.56,0.57,no,,0.3857
KXBTCD-26SEP0712,KXBTCD-26SEP0712-T78999.99,600,1788796200,0.12897557074485994,0.05,0.06,no,732.5279539980226,0.38799999999999996
KXBTCD-26SEP0712,KXBTCD-26SEP0712-T78999.99,120,1788796680,0.0044677575260501645,0.0,0.01,no,2640.5540065293003,0.3876
KXBTCD-26SEP0711,KXBTCD-26SEP0711-T78799.99,3600,1788789600,0.9618056786962326,0.97,0.99,yes,0.33220146508639653,0.3849
KXBTCD-26SEP0711,KXBTCD-26SEP0711-T78799.99,1800,1788791400,0.8167382717068608,0.89,0.9,yes,0.27812605979076077,0.3858
KXBTCD-26SEP0711,KXBTCD-26SEP0711-T78799.99,600,1788792600,0.9824864291318898,0.98,1.0,yes,0.3500747977105438,0.38630000000000003
KXBTCD-26SEP0711,KXBTCD-26SEP0711-T78799.99,120,1788793080,0.9999999999895166,0.99,1.0,yes,1.0035703046201332,0.386
KXBTCD-26SEP0710,KXBTCD-26SEP0710-T79199.99,3600,1788786000,0.8793968273680043,0.97,0.98,yes,0.23053313006555637,0.3851
KXBTCD-26SEP0710,KXBTCD-26SEP0710-T79199.99,1800,1788787800,0.9595685369908562,0.97,0.98,yes,0.3429708174494391,0.385
KXBTCD-26SEP0710,KXBTCD-26SEP0710-T79199.99,600,1788789000,0.8105608885222826,0.91,0.92,yes,0.24760869616060185,0.3859
KXBTCD-26SEP0710,KXBTCD-26SEP0710-T79199.99,120,1788789480,0.9983275302836918,0.99,1.0,yes,0.43796635666850103,0.3845
KXBTCD-26SEP0709,KXBTCD-26SEP0709-T79299.99,3600,1788782400,0.6454632682579434,0.8,0.81,yes,0.16653441870018285,0.382
KXBTCD-26SEP0709,KXBTCD-26SEP0709-T79299.99,1800,1788784200,0.8204104048895895,0.94,0.95,yes,0.21997067325568734,0.38299999999999995
KXBTCD-26SEP0709,KXBTCD-26SEP0709-T79299.99,600,1788785400,0.9579829903616164,0.98,0.99,yes,0.30522312067969554,0.3833
KXBTCD-26SEP0709,KXBTCD-26SEP0709-T79299.99,120,1788785880,0.9999999157249839,0.99,1.0,yes,0.7812850980530861,0.3848
KXBTCD-26SEP0708,KXBTCD-26SEP0708-T79599.99,3600,1788778800,0.21586958439833775,0.04,0.05,no,317.18418341555747,0.3822
KXBTCD-26SEP0708,KXBTCD-26SEP0708-T79599.99,1800,1788780600,0.23558366619300125,0.07,0.08,no,380.8909234267961,0.38189999999999996
KXBTCD-26SEP0708,KXBTCD-26SEP0708-T79599.99,600,1788781800,0.05769453507998756,0.01,0.02,no,994.7512933877226,0.3821
KXBTCD-26SEP0708,KXBTCD-26SEP0708-T79599.99,120,1788782280,0.0012936269152754587,0.0,0.01,no,2640.500583538879,0.382
KXBTCD-26SEP0707,KXBTCD-26SEP0707-T79399.99,3600,1788775200,0.4622685865368179,0.43,0.44,no,30.417595843290115,0.3815
KXBTCD-26SEP0707,KXBTCD-26SEP0707-T79399.99,1800,1788777000,0.514256390496427,0.54,0.55,no,0.12497305223429465,0.3815
KXBTCD-26SEP0707,KXBTCD-26SEP0707-T79399.99,600,1788778200,0.48913944209126214,0.54,0.55,no,,0.3818
KXBTCD-26SEP0707,KXBTCD-26SEP0707-T79399.99,120,1788778680,0.201330939980219,0.05,0.06,no,1638.3961615080834,0.3821
KXBTCD-26SEP0706,KXBTCD-26SEP0706-T79399.99,3600,1788771600,0.5427506047445251,0.57,0.58,no,0.2199184949903991,0.3825
KXBTCD-26SEP0706,KXBTCD-26SEP0706-T79399.99,1800,1788773400,0.5951128320411181,0.73,0.74,no,0.14716955559727588,0.382
KXBTCD-26SEP0706,KXBTCD-26SEP0706-T79399.99,600,1788774600,0.5806512248342315,0.6,0.61,no,0.29210018518299735,0.3815
KXBTCD-26SEP0706,KXBTCD-26SEP0706-T79399.99,120,1788775080,0.08779901450985067,0.02,0.03,no,2009.249089632355,0.38159999999999994
KXBTCD-26SEP0705,KXBTCD-26SEP0705-T79299.99,3600,1788768000,0.604102128893296,0.65,0.66,yes,0.25645173622647954,0.3858
KXBTCD-26SEP0705,KXBTCD-26SEP0705-T79299.99,1800,1788769800,0.7878334525499913,0.87,0.88,yes,0.2664540721769364,0.3833
KXBTCD-26SEP0705,KXBTCD-26SEP0705-T79299.99,600,1788771000,0.881126644943693,0.93,0.94,yes,0.2984191413525063,0.3826
KXBTCD-26SEP0705,KXBTCD-26SEP0705-T79299.99,120,1788771480,0.9919498167967848,0.99,1.0,yes,0.35728856236608014,0.3824
KXBTCD-26SEP0704,KXBTCD-26SEP0704-T79399.99,3600,1788764400,0.7574152557158731,0.93,0.94,no,0.17947391959381429,0.3884
KXBTCD-26SEP0704,KXBTCD-26SEP0704-T79399.99,1800,1788766200,0.6176359147581535,0.58,0.59,no,0.5382531876491988,0.38789999999999997
KXBTCD-26SEP0704,KXBTCD-26SEP0704-T79399.99,600,1788767400,0.24923560940044692,0.27,0.28,no,273.6465389644816,0.38670000000000004
KXBTCD-26SEP0704,KXBTCD-26SEP0704-T79399.99,120,1788767880,0.381496042037867,0.24,0.27,no,675.317042850227,0.3857
KXBTCD-26SEP0703,KXBTCD-26SEP0703-T79399.99,3600,1788760800,0.8529607575270092,0.97,0.98,yes,0.2084277342866836,0.38880000000000003
KXBTCD-26SEP0703,KXBTCD-26SEP0703-T79399.99,1800,1788762600,0.9222352907759446,0.98,0.99,yes,0.25402026619502666,0.38789999999999997
KXBTCD-26SEP0703,KXBTCD-26SEP0703-T79399.99,600,1788763800,0.9766340330492245,0.99,1.0,yes,0.29984648813564535,0.3883
KXBTCD-26SEP0703,KXBTCD-26SEP0703-T79399.99,120,1788764280,0.999996812480668,0.99,1.0,yes,0.6804642136239305,0.3884
KXBTCD-26SEP0702,KXBTCD-26SEP0702-T79599.99,3600,1788757200,0.6287463926469112,0.71,0.72,yes,0.2260394864671606,0.3892
KXBTCD-26SEP0702,KXBTCD-26SEP0702-T79599.99,1800,1788759000,0.8408978676211949,0.95,0.96,yes,0.22906443853553435,0.3887
KXBTCD-26SEP0702,KXBTCD-26SEP0702-T79599.99,600,1788760200,0.9195506078396836,0.99,1.0,yes,0.21160963806082925,0.3886
KXBTCD-26SEP0702,KXBTCD-26SEP0702-T79599.99,120,1788760680,0.9966715603577727,0.99,1.0,yes,0.40957980471167704,0.38880000000000003
KXBTCD-26SEP0701,KXBTCD-26SEP0701-T79699.99,3600,1788753600,0.39751905431233103,0.33,0.34,yes,79.53412358061918,0.3898
KXBTCD-26SEP0701,KXBTCD-26SEP0701-T79699.99,1800,1788755400,0.2905049619952381,0.25,0.26,yes,174.08562262461072,0.3895
KXBTCD-26SEP0701,KXBTCD-26SEP0701-T79699.99,600,1788756600,0.47317277443269645,0.34,0.35,yes,182.8179055476804,0.3892
KXBTCD-26SEP0701,KXBTCD-26SEP0701-T79699.99,120,1788757080,0.644932830491767,0.66,0.67,yes,0.33944612004573127,0.38909999999999995
KXBTCD-26SEP0700,KXBTCD-26SEP0700-T79699.99,3600,1788750000,0.6606742429845616,0.68,0.69,no,0.3361098232467995,0.39030000000000004
KXBTCD-26SEP0700,KXBTCD-26SEP0700-T79699.99,1800,1788751800,0.594383022054868,0.56,0.57,no,0.565856255848499,0.39039999999999997
KXBTCD-26SEP0700,KXBTCD-26SEP0700-T79699.99,600,1788753000,0.3710444893423259,0.22,0.23,no,346.2028681402997,0.39
KXBTCD-26SEP0700,KXBTCD-26SEP0700-T79699.99,120,1788753480,0.06976904034985365,0.18,0.19,no,918.4937191984923,0.3899
KXBTCD-26SEP0623,KXBTCD-26SEP0623-T79599.99,3600,1788746400,0.8436435362166363,0.94,0.95,yes,0.24685002275969217,0.39030000000000004
KXBTCD-26SEP0623,KXBTCD-26SEP0623-T79599.99,1800,1788748200,0.9754987467691297,0.98,0.99,yes,0.3539211053357777,0.3901
KXBTCD-26SEP0623,KXBTCD-26SEP0623-T79599.99,600,1788749400,0.9999985393626678,0.99,1.0,yes,0.7084541632286192,0.39039999999999997
KXBTCD-26SEP0623,KXBTCD-26SEP0623-T79599.99,120,1788749880,0.9999996243796789,0.99,1.0,yes,0.7497211200455566,0.39039999999999997
KXBTCD-26SEP0622,KXBTCD-26SEP0622-T79899.99,3600,1788742800,0.7677229281598117,0.82,0.83,yes,0.306709063467039,0.39149999999999996
KXBTCD-26SEP0622,KXBTCD-26SEP0622-T79899.99,1800,1788744600,0.5332429549791194,0.54,0.55,yes,0.29039708168751877,0.39039999999999997
KXBTCD-26SEP0622,KXBTCD-26SEP0622-T79899.99,600,1788745800,0.47476330617555906,0.34,0.35,yes,182.8216678047836,0.3901
KXBTCD-26SEP0622,KXBTCD-26SEP0622-T79899.99,120,1788746280,0.7701426663362899,0.97,0.98,yes,0.1472898260816355,0.39030000000000004
KXBTCD-26SEP0621,KXBTCD-26SEP0621-T79899.99,3600,1788739200,0.8648557366564151,0.87,0.88,yes,0.37677244171737334,0.3931
KXBTCD-26SEP0621,KXBTCD-26SEP0621-T79899.99,1800,1788741000,0.9436684629347817,0.93,0.94,yes,0.41055927847183804,0.39189999999999997
KXBTCD-26SEP0621,KXBTCD-26SEP0621-T79899.99,600,1788742200,0.9656148153397435,0.98,0.99,yes,0.3286250343704648,0.3918
KXBTCD-26SEP0621,KXBTCD-26SEP0621-T79899.99,120,1788742680,0.9997312431340228,0.99,1.0,yes,0.52604038633342,0.39149999999999996
KXBTCD-26SEP0620,KXBTCD-26SEP0620-T80199.99,3600,1788735600,0.3396821165995523,0.22,0.23,yes,141.19303764352156,0.39049999999999996
KXBTCD-26SEP0620,KXBTCD-26SEP0620-T80199.99,1800,1788737400,0.4591195495393824,0.34,0.35,yes,105.4880392040599,0.3914
KXBTCD-26SEP0620,KXBTCD-26SEP0620-T80199.99,600,1788738600,0.9767841424053644,0.98,0.99,yes,0.36085609333665986,0.3932
KXBTCD-26SEP0620,KXBTCD-26SEP0620-T80199.99,120,1788739080,0.9978668757291367,0.99,1.0,yes,0.43622522455603574,0.3932
KXBTCD-26SEP0619,KXBTCD-26SEP0619-T80399.99,3600,1788732000,0.07441741513242123,0.04,0.05,no,317.0284219684455,0.3908
KXBTCD-26SEP0619,KXBTCD-26SEP0619-T80399.99,1800,1788733800,0.007687898049876296,0.0,0.01,no,681.5226098203302,0.39020000000000005
KXBTCD-26SEP0619,KXBTCD-26SEP0619-T80399.99,600,1788735000,0.0032522117342465573,0.0,0.01,no,1180.6552522186246,0.39030000000000004
KXBTCD-26SEP0619,KXBTCD-26SEP0619-T80399.99,120,1788735480,5.336319119919608e-08,0.0,0.01,no,2640.141082957999,0.3907
KXBTCD-26SEP0618,KXBTCD-26SEP0618-T80099.99,3600,1788728400,0.3104191695977968,0.08,0.09,no,256.7221896608161,0.3906
KXBTCD-26SEP0618,KXBTCD-26SEP0618-T80099.99,1800,1788730200,0.19376158075881744,0.07,0.08,no,380.8477704552409,0.39030000000000004
KXBTCD-26SEP0618,KXBTCD-26SEP0618-T80099.99,600,1788731400,0.11517543025336663,0.05,0.06,no,732.5092818166099,0.3908
KXBTCD-26SEP0618,KXBTCD-26SEP0618-T80099.99,120,1788731880,0.010166139362311033,0.0,0.01,no,2640.595519791837,0.3907
KXBTCD-26SEP0617,KXBTCD-26SEP0617-T79999.99,3600,1788724800,0.3225607174106514,0.05,0.08,no,283.30635436365736,0.3895
KXBTCD-26SEP0617,KXBTCD-26SEP0617-T79999.99,1800,1788726600,0.395621708688789,0.23,0.25,no,186.83146234963957,0.3898
KXBTCD-26SEP0617,KXBTCD-26SEP0617-T79999.99,600,1788727800,0.3348048856964607,0.11,0.12,no,550.2492395645401,0.39039999999999997
KXBTCD-26SEP0617,KXBTCD-26SEP0617-T79999.99,120,1788728280,0.06452859232869207,0.0,0.01,no,2640.7171843714277,0.3908
KXBTCD-26SEP0616,KXBTCD-26SEP0616-T79899.99,3600,1788721200,0.5512714087101619,0.56,0.57,no,0.308240554803346,0.38909999999999995
KXBTCD-26SEP0616,KXBTCD-26SEP0616-T79899.99,1800,1788723000,0.4135764743874647,0.28,0.29,no,150.2292594232344,0.3896
KXBTCD-26SEP0616,KXBTCD-26SEP0616-T79899.99,600,1788724200,0.29756461589144456,0.03,0.04,no,830.6820457248899,0.3895
KXBTCD-26SEP0616,KXBTCD-26SEP0616-T79899.99,120,1788724680,0.07815238820221176,0.0,0.01,no,2640.733107420928,0.3895
KXBTCD-26SEP0615,KXBTCD-26SEP0615-T79899.99,3600,1788717600,0.33178022471514845,0.14,0.15,yes,197.91039206086393,0.3886
KXBTCD-26SEP0615,KXBTCD-26SEP0615-T79899.99,1800,1788719400,0.5485580543260887,0.56,0.57,yes,0.291633296381518,0.38909999999999995
KXBTCD-26SEP0615,KXBTCD-26SEP0615-T79899.99,600,1788720600,0.5986666362954927,0.71,0.72,yes,0.17164112863583805,0.38909999999999995
KXBTCD-26SEP0615,KXBTCD-26SEP0615-T79899.99,120,1788721080,0.8722439235869046,0.89,0.91,yes,0.34525526761199615,0.38909999999999995
KXBTCD-26SEP0614,KXBTCD-26SEP0614-T79999.99,3600,1788714000,0.16410817492032576,0.02,0.03,no,366.69156512898576,0.3887
KXBTCD-26SEP0614,KXBTCD-26SEP0614-T79999.99,1800,1788715800,0.09112246715139954,0.01,0.02,no,574.241121546992,0.38880000000000003
KXBTCD-26SEP0614,KXBTCD-26SEP0614-T79999.99,600,1788717000,0.030521238183437882,0.0,0.01,no,1180.7850588675858,0.3886
KXBTCD-26SEP0614,KXBTCD-26SEP0614-T79999.99,120,1788717480,1.1397253930067741e-05,0.0,0.01,no,2640.308167743052,0.3887
KXBTCD-26SEP0613,KXBTCD-26SEP0613-T79699.99,3600,1788710400,0.5317818209380729,0.54,0.55,no,0.27693077102519625,0.3876
KXBTCD-26SEP0613,KXBTCD-26SEP0613-T79699.99,1800,1788712200,0.5062661785698501,0.58,0.59,no,0.03100060742758034,0.38780000000000003
KXBTCD-26SEP0613,KXBTCD-26SEP0613-T79699.99,600,1788713400,0.5321889587544422,0.47,0.48,no,29.248723731449374,0.38799999999999996
KXBTCD-26SEP0613,KXBTCD-26SEP0613-T79699.99,120,1788713880,0.3577414861023649,0.02,0.04,no,1928.2656968086096,0.3885
KXBTCD-26SEP0612,KXBTCD-26SEP0612-T79699.99,3600,1788706800,0.23243687812108266,0.14,0.15,yes,197.80240301931087,0.3873
KXBTCD-26SEP0612,KXBTCD-26SEP0612-T79699.99,1800,1788708600,0.4373031193313357,0.33,0.34,yes,112.67015443262487,0.38770000000000004
KXBTCD-26SEP0612,KXBTCD-26SEP0612-T79699.99,600,1788709800,0.5454917859706143,0.48,0.49,yes,18.358328716931904,0.3875
KXBTCD-26SEP0612,KXBTCD-26SEP0612-T79699.99,120,1788710280,0.6698415068491328,0.39,0.42,yes,247.2111856391063,0.3876
KXBTCD-26SEP0611,KXBTCD-26SEP0611-T79699.99,3600,1788703200,0.6337726198040671,0.8,0.81,no,0.15480893626921935,0.3873
KXBTCD-26SEP0611,KXBTCD-26SEP0611-T79699.99,1800,1788705000,0.3758132755017907,0.43,0.44,no,42.56528682686861,0.3876
KXBTCD-26SEP0611,KXBTCD-26SEP0611-T79699.99,600,1788706200,0.5189290818602267,0.37,0.38,no,146.1610592179007,0.3876
KXBTCD-26SEP0611,KXBTCD-26SEP0611-T79699.99,120,1788706680,0.018508803434218013,0.01,0.02,no,2224.5789290519756,0.3874
KXBTCD-26SEP0610,KXBTCD-26SEP0610-T79599.99,3600,1788699600,0.8397592941607541,0.98,0.99,yes,0.17755193087689414,0.3872
KXBTCD-26SEP0610,KXBTCD-26SEP0610-T79599.99,1800,1788701400,0.8210141691846,0.97,0.98,yes,0.1821068658319444,0.38780000000000003
KXBTCD-26SEP0610,KXBTCD-26SEP0610-T79599.99,600,1788702600,0.9471414550821504,0.99,1.0,yes,0.24338312574004148,0.3874
KXBTCD-26SEP0610,KXBTCD-26SEP0610-T79599.99,120,1788703080,0.9987126403171804,0.99,1.0,yes,0.45322507878812135,0.3873
KXBTCD-26SEP0609,KXBTCD-26SEP0609-T79799.99,3600,1788696000,0.6439118787087186,0.91,0.92,yes,0.10459048553353882,0.387
KXBTCD-26SEP0609,KXBTCD-26SEP0609-T79799.99,1800,1788697800,0.7945235700570032,0.96,0.97,yes,0.1759535850948013,0.3872
KXBTCD-26SEP0609,KXBTCD-26SEP0609-T79799.99,600,1788699000,0.8870149459851602,0.99,1.0,yes,0.18215477042602968,0.3873
KXBTCD-26SEP0609,KXBTCD-26SEP0609-T79799.99,120,1788699480,0.9939797078295464,0.99,1.0,yes,0.3774505312536508,0.3872
KXBTCD-26SEP0608,KXBTCD-26SEP0608-T79899.99,3600,1788692400,0.6238691648004897,0.9,0.91,yes,0.0937608555166386,0.38689999999999997
KXBTCD-26SEP0608,KXBTCD-26SEP0608-T79899.99,1800,1788694200,0.5156523274696048,0.59,0.6,yes,0.06545564488259074,0.387
KXBTCD-26SEP0608,KXBTCD-26SEP0608-T79899.99,600,1788695400,0.6714917662695763,0.93,0.94,yes,0.11366201250990567,0.38689999999999997
KXBTCD-26SEP0608,KXBTCD-26SEP0608-T79899.99,120,1788695880,0.5296504234898146,0.93,0.94,yes,0.019110400694275116,0.387
KXBTCD-26SEP0607,KXBTCD-26SEP0607-T79899.99,3600,1788688800,0.5076368927816719,0.57,0.58,yes,0.04336494315453294,0.3871
KXBTCD-26SEP0607,KXBTCD-26SEP0607-T79899.99,1800,1788690600,0.6310445377973846,0.88,0.89,yes,0.10826123652674671,0.3868
KXBTCD-26SEP0607,KXBTCD-26SEP0607-T79899.99,600,1788691800,0.7738821317063345,0.97,0.98,yes,0.1484889737033991,0.3868
KXBTCD-26SEP0607,KXBTCD-26SEP0607-T79899.99,120,1788692280,0.9796589865210887,0.99,1.0,yes,0.30737249467923944,0.3868
KXBTCD-26SEP0606,KXBTCD-26SEP0606-T79999.99,3600,1788685200,0.32699006737610825,0.08,0.09,no,256.736551555563,0.3871
KXBTCD-26SEP0606,KXBTCD-26SEP0606-T79999.99,1800,1788687000,0.4968734346706461,0.41,0.43,no,53.434294763070724,0.38659999999999994
KXBTCD-26SEP0606,KXBTCD-26SEP0606-T79999.99,600,1788688200,0.16660569977040252,0.03,0.04,no,830.5895108804132,0.3871
KXBTCD-26SEP0606,KXBTCD-26SEP0606-T79999.99,120,1788688680,0.058735514084053975,0.0,0.01,no,2640.712202184253,0.3871
KXBTCD-26SEP0605,KXBTCD-26SEP0605-T79899.99,3600,1788681600,0.39923607900323765,0.27,0.28,no,111.72964405792887,0.3887
KXBTCD-26SEP0605,KXBTCD-26SEP0605-T79899.99,1800,1788683400,0.3337282184978364,0.15,0.16,no,268.59258384574923,0.3871
KXBTCD-26SEP0605,KXBTCD-26SEP0605-T79899.99,600,1788684600,0.20178831775536293,0.01,0.02,no,994.8795784279694,0.3871
KXBTCD-26SEP0605,KXBTCD-26SEP0605-T79899.99,120,1788685080,0.17658075152145036,0.01,0.02,no,2224.785626769826,0.3872
KXBTCD-26SEP0604,KXBTCD-26SEP0604-T79799.99,3600,1788678000,0.4672591370525196,0.43,0.45,yes,28.05253431172519,0.38799999999999996
KXBTCD-26SEP0604,KXBTCD-26SEP0604-T79799.99,1800,1788679800,0.5538318309865036,0.58,0.59,yes,0.2461787630109693,0.38799999999999996
KXBTCD-26SEP0604,KXBTCD-26SEP0604-T79799.99,600,1788681000,0.5614555658413685,0.84,0.85,yes,0.059439786659640705,0.3881
KXBTCD-26SEP0604,KXBTCD-26SEP0604-T79799.99,120,1788681480,0.6783817600387574,0.97,0.99,yes,0.08759540648864243,0.3881
KXBTCD-26SEP0603,KXBTCD-26SEP0603-T79799.99,3600,1788674400,0.6710596722291557,0.88,0.89,no,0.14390650788530246,0.3885
KXBTCD-26SEP0603,KXBTCD-26SEP0603-T79799.99,1800,1788676200,0.5053977811708388,0.74,0.75,no,0.008836114600517808,0.3882
KXBTCD-26SEP0603,KXBTCD-26SEP0603-T79799.99,600,1788677400,0.461367650722367,0.28,0.29,no,260.396888543001,0.3882
KXBTCD-26SEP0603,KXBTCD-26SEP0603-T79799.99,120,1788677880,0.2672204779855406,0.07,0.08,no,1475.7561136008424,0.38799999999999996
KXBTCD-26SEP0602,KXBTCD-26SEP0602-T79799.99,3600,1788670800,0.5998870566662854,0.81,0.82,yes,0.1104343945835632,0.3883
KXBTCD-26SEP0602,KXBTCD-26SEP0602-T79799.99,1800,1788672600,0.5881405529515854,0.81,0.82,yes,0.09708415765736118,0.3883
KXBTCD-26SEP0602,KXBTCD-26SEP0602-T79799.99,600,1788673800,0.9196307848351171,0.98,0.99,yes,0.251187096448727,0.3885
KXBTCD-26SEP0602,KXBTCD-26SEP0602-T79799.99,120,1788674280,0.992585518654079,0.99,1.0,yes,0.36749607933580997,0.3885
KXBTCD-26SEP0601,KXBTCD-26SEP0601-T79999.99,3600,1788667200,0.5189604879006442,0.62,0.63,no,0.06055141472376929,0.3892
KXBTCD-26SEP0601,KXBTCD-26SEP0601-T79999.99,1800,1788669000,0.35434910612921766,0.26,0.27,no,166.01874480359822,0.3892
KXBTCD-26SEP0601,KXBTCD-26SEP0601-T79999.99,600,1788670200,0.20824341679392117,0.07,0.08,no,659.8338579886124,0.3886
KXBTCD-26SEP0601,KXBTCD-26SEP0601-T79999.99,120,1788670680,0.01588425894380463,0.0,0.01,no,2640.6237444743483,0.3883
KXBTCD-26SEP0600,KXBTCD-26SEP0600-T79899.99,3600,1788663600,0.499785862378758,0.56,0.57,yes,0.003649924231350285,0.3884
KXBTCD-26SEP0600,KXBTCD-26SEP0600-T79899.99,1800,1788665400,0.576280236186292,0.57,0.58,yes,0.39541490768911647,0.38880000000000003
KXBTCD-26SEP0600,KXBTCD-26SEP0600-T79899.99,600,1788666600,0.7789761536106978,0.97,0.98,yes,0.15287376530837588,0.38939999999999997
KXBTCD-26SEP0600,KXBTCD-26SEP0600-T79899.99,120,1788667080,0.9810196520032083,0.99,1.0,yes,0.31358846854946665,0.3892
KXBTCD-26SEP0523,KXBTCD-26SEP0523-T79999.99,3600,1788660000,0.5046158152475678,0.54,0.55,no,0.04657415787348164,0.38689999999999997
KXBTCD-26SEP0523,KXBTCD-26SEP0523-T79999.99,1800,1788661800,0.36801766222981025,0.2,0.21,no,217.9484756426177,0.3871
KXBTCD-26SEP0523,KXBTCD-26SEP0523-T79999.99,600,1788663000,0.18178562605599446,0.04,0.05,no,777.1654064308754,0.387
KXBTCD-26SEP0523,KXBTCD-26SEP0523-T79999.99,120,1788663480,0.054537967013151445,0.0,0.01,no,2640.705974248478,0.3882
KXBTCD-26SEP0522,KXBTCD-26SEP0522-T79899.99,3600,1788656400,0.5082556857611121,0.53,0.54,yes,0.09953770815394684,0.3865
KXBTCD-26SEP0522,KXBTCD-26SEP0522-T79899.99,1800,1788658200,0.5293131040330599,0.63,0.64,yes,0.08396201904665751,0.38670000000000004
KXBTCD-26SEP0522,KXBTCD-26SEP0522-T79899.99,600,1788659400,0.5863394788353827,0.85,0.86,yes,0.07999498958165428,0.38659999999999994
KXBTCD-26SEP0522,KXBTCD-26SEP0522-T79899.99,120,1788659880,0.7409271934873283,0.96,0.97,yes,0.13809146698799626,0.387
KXBTCD-26SEP0521,KXBTCD-26SEP0521-T79999.99,3600,1788652800,0.29310549121196355,0.13,0.14,no,206.29176764460627,0.38659999999999994
KXBTCD-26SEP0521,KXBTCD-26SEP0521-T79999.99,1800,1788654600,0.3212600810208448,0.21,0.22,no,208.6929651617139,0.3864
KXBTCD-26SEP0521,KXBTCD-26SEP0521-T79999.99,600,1788655800,0.16340521911953593,0.01,0.02,no,994.8539658535859,0.3864
KXBTCD-26SEP0521,KXBTCD-26SEP0521-T79999.99,120,1788656280,0.023686467817910062,0.0,0.01,no,2640.64991273373,0.3865
KXBTCD-26SEP0520,KXBTCD-26SEP0520-T79899.99,3600,1788649200,0.3564399854831201,0.21,0.22,no,147.54938658343696,0.386
KXBTCD-26SEP0520,KXBTCD-26SEP0520-T79899.99,1800,1788651000,0.3562296972958249,0.13,0.14,no,291.88112384852457,0.386
KXBTCD-26SEP0520,KXBTCD-26SEP0520-T79899.99,600,1788652200,0.2377613815291007,0.11,0.12,no,550.1580825186811,0.38670000000000004
KXBTCD-26SEP0520,KXBTCD-26SEP0520-T79899.99,120,1788652680,0.10190993764702089,0.0,0.01,no,2640.7567982839673,0.3865
KXBTCD-26SEP0519,KXBTCD-26SEP0519-T79799.99,3600,1788645600,0.6392077787346475,0.85,0.86,no,0.1306246669971751,0.3859
KXBTCD-26SEP0519,KXBTCD-26SEP0519-T79799.99,1800,1788647400,0.5515943504568555,0.61,0.62,no,0.1726694667823059,0.3858
KXBTCD-26SEP0519,KXBTCD-26SEP0519-T79799.99,600,1788648600,0.4478488560539063,0.5,0.51,no,,0.3858
KXBTCD-26SEP0519,KXBTCD-26SEP0519-T79799.99,120,1788649080,0.29132051362904043,0.43,0.44,no,166.49047142568216,0.386
KXBTCD-26SEP0518,KXBTCD-26SEP0518-T79799.99,3600,1788642000,0.4294935347746177,0.38,0.39,yes,54.49789542777438,0.38409999999999994
KXBTCD-26SEP0518,KXBTCD-26SEP0518-T79799.99,1800,1788643800,0.5941043339204158,0.75,0.76,yes,0.13323688885650922,0.38420000000000004
KXBTCD-26SEP0518,KXBTCD-26SEP0518-T79799.99,600,1788645000,0.7868368632253733,0.93,0.94,yes,0.20285055477055633,0.3858
KXBTCD-26SEP0518,KXBTCD-26SEP0518-T79799.99,120,1788645480,0.9765442875477643,0.99,1.0,yes,0.29779886589416765,0.386
KXBTCD-26SEP0517,KXBTCD-26SEP0517-T79999.99,3600,1788638400,0.26370012575498447,0.1,0.11,no,234.4614699215275,0.384
KXBTCD-26SEP0517,KXBTCD-26SEP0517-T79999.99,1800,1788640200,0.1026667183369574,0.03,0.04,no,479.39217731301073,0.3839
KXBTCD-26SEP0517,KXBTCD-26SEP0517-T79999.99,600,1788641400,0.05294086698602135,0.01,0.02,no,994.7420826781142,0.38439999999999996
KXBTCD-26SEP0517,KXBTCD-26SEP0517-T79999.99,120,1788641880,0.00015501797655509408,0.0,0.01,no,2640.409264851898,0.3843
KXBTCD-26SEP0516,KXBTCD-26SEP0516-T79699.99,3600,1788634800,0.7737921108971202,0.97,0.98,yes,0.1477111534019837,0.38439999999999996
KXBTCD-26SEP0516,KXBTCD-26SEP0516-T79699.99,1800,1788636600,0.886369877604779,0.99,1.0,yes,0.1801725893360337,0.384
KXBTCD-26SEP0516,KXBTCD-26SEP0516-T79699.99,600,1788637800,0.634404966147176,0.79,0.8,yes,0.1605242575357561,0.38420000000000004
KXBTCD-26SEP0516,KXBTCD-26SEP0516-T79699.99,120,1788638280,0.7180649125431733,0.99,1.0,yes,0.08615373653450727,0.3843
KXBTCD-26SEP0515,KXBTCD-26SEP0515-T79699.99,3600,1788631200,0.8678520229852029,0.97,0.98,yes,0.21926337456549094,0.3845
KXBTCD-26SEP0515,KXBTCD-26SEP0515-T79699.99,1800,1788633000,0.9277829371545409,0.97,0.98,yes,0.2860698915254273,0.384
KXBTCD-26SEP0515,KXBTCD-26SEP0515-T79699.99,600,1788634200,0.963919679603554,0.99,1.0,yes,0.2681219861039827,0.384
KXBTCD-26SEP0515,KXBTCD-26SEP0515-T79699.99,120,1788634680,0.9999997920823485,0.99,1.0,yes,0.754998158530058,0.3843
KXBTCD-26SEP0514,KXBTCD-26SEP0514-T79999.99,3600,1788627600,0.5192719775551392,0.56,0.57,yes,0.11756078123557837,0.3834
KXBTCD-26SEP0514,KXBTCD-26SEP0514-T79999.99,1800,1788629400,0.572284637538149,0.65,0.66,yes,0.17600071790967106,0.3829
KXBTCD-26SEP0514,KXBTCD-26SEP0514-T79999.99,600,1788630600,0.7205002346997109,0.81,0.82,yes,0.2506960696574198,0.3843
KXBTCD-26SEP0514,KXBTCD-26SEP0514-T79999.99,120,1788631080,0.87310830107611,0.9,0.91,yes,0.3347490871150256,0.38439999999999996
KXBTCD-26SEP0513,KXBTCD-26SEP0513-T80099.99,3600,1788624000,0.17077529488277116,0.01,0.02,no,406.0527073206827,0.37929999999999997
KXBTCD-26SEP0513,KXBTCD-26SEP0513-T80099.99,1800,1788625800,0.21950324446300418,0.04,0.05,no,448.6425742035413,0.3812
KXBTCD-26SEP0513,KXBTCD-26SEP0513-T80099.99,600,1788627000,0.17720199536675785,0.1,0.11,no,574.5017057930502,0.3823
KXBTCD-26SEP0513,KXBTCD-26SEP0513-T80099.99,120,1788627480,0.5032470883197394,0.95,0.96,no,0.0019252048139918251,0.3834
KXBTCD-26SEP0512,KXBTCD-26SEP0512-T79999.99,3600,1788620400,0.17568573253334496,0.02,0.03,no,366.7068613743674,0.37560000000000004
KXBTCD-26SEP0512,KXBTCD-26SEP0512-T79999.99,1800,1788622200,0.09811526084795968,0.01,0.02,no,574.2560574140242,0.3762
KXBTCD-26SEP0512,KXBTCD-26SEP0512-T79999.99,600,1788623400,0.029289510720755918,0.0,0.01,no,1180.7912000536503,0.3765
KXBTCD-26SEP0512,KXBTCD-26SEP0512-T79999.99,120,1788623880,0.0003771846345251295,0.0,0.01,no,2640.4516830784464,0.379
KXBTCD-26SEP0511,KXBTCD-26SEP0511-T79799.99,3600,1788616800,0.3109691283263366,0.12,0.13,no,215.17326502960572,0.3753
KXBTCD-26SEP0511,KXBTCD-26SEP0511-T79799.99,1800,1788618600,0.3571870952880627,0.21,0.22,no,208.7461576692348,0.37549999999999994
KXBTCD-26SEP0511,KXBTCD-26SEP0511-T79799.99,600,1788619800,0.2525830553673811,0.06,0.07,no,694.0798349301407,0.3757
KXBTCD-26SEP0511,KXBTCD-26SEP0511-T79799.99,120,1788620280,0.15428402653122658,0.01,0.02,no,2224.77504909391,0.37560000000000004
KXBTCD-26SEP0510,KXBTCD-26SEP0510-T79699.99,3600,1788613200,0.5085902072375704,0.6,0.61,no,0.03309303360261952,0.3747
KXBTCD-26SEP0510,KXBTCD-26SEP0510-T79699.99,1800,1788615000,0.5619594586464669,0.76,0.77,no,0.08157409687887238,0.3747
KXBTCD-26SEP0510,KXBTCD-26SEP0510-T79699.99,600,1788616200,0.13024342971622238,0.57,0.58,no,,0.3751
KXBTCD-26SEP0510,KXBTCD-26SEP0510-T79699.99,120,1788616680,0.0645317718108746,0.02,0.03,no,2009.2221505996517,0.3753
KXBTCD-26SEP0509,KXBTCD-26SEP0509-T79599.99,3600,1788609600,0.4998445018417029,0.65,0.66,yes,0.0015034326151563276,0.3735
KXBTCD-26SEP0509,KXBTCD-26SEP0509-T79599.99,1800,1788611400,0.5074422120662403,0.87,0.88,yes,0.006518973520721338,0.3737
KXBTCD-26SEP0509,KXBTCD-26SEP0509-T79599.99,600,1788612600,0.7942870264918953,0.98,0.99,yes,0.14190820838053939,0.3746
KXBTCD-26SEP0509,KXBTCD-26SEP0509-T79599.99,120,1788613080,0.9791031797182814,0.99,1.0,yes,0.2960505082235256,0.3746
KXBTCD-26SEP0508,KXBTCD-26SEP0508-T79699.99,3600,1788606000,0.37741889813770124,0.25,0.26,no,123.15174645016918,0.373
KXBTCD-26SEP0508,KXBTCD-26SEP0508-T79699.99,1800,1788607800,0.3389417115360477,0.2,0.21,no,217.91857445845037,0.37329999999999997
KXBTCD-26SEP0508,KXBTCD-26SEP0508-T79699.99,600,1788609000,0.3161755945347303,0.13,0.14,no,505.61376320556116,0.3735
KXBTCD-26SEP0508,KXBTCD-26SEP0508-T79699.99,120,1788609480,0.03585224946072857,0.0,0.01,no,2640.6863091594487,0.3735
KXBTCD-26SEP0507,KXBTCD-26SEP0507-T79599.99,3600,1788602400,0.5250285160903427,0.73,0.74,yes,0.03838337627824241,0.37229999999999996
KXBTCD-26SEP0507,KXBTCD-26SEP0507-T79599.99,1800,1788604200,0.5003472898685245,0.68,0.69,yes,0.0017604187040240124,0.3724
KXBTCD-26SEP0507,KXBTCD-26SEP0507-T79599.99,600,1788605400,0.40950887179271606,0.62,0.63,yes,,0.3726
KXBTCD-26SEP0507,KXBTCD-26SEP0507-T79599.99,120,1788605880,0.709597283076966,0.99,1.0,yes,0.08001433412819017,0.373
KXBTCD-26SEP0506,KXBTCD-26SEP0506-T79599.99,3600,1788598800,0.5412299744544202,0.79,0.8,yes,0.04779872854534559,0.37329999999999997
KXBTCD-26SEP0506,KXBTCD-26SEP0506-T79599.99,1800,1788600600,0.5587447237327284,0.94,0.95,yes,0.03485555701892351,0.3734
KXBTCD-26SEP0506,KXBTCD-26SEP0506-T79599.99,600,1788601800,0.5942866465049159,0.96,0.97,yes,0.04927984201630472,0.373
KXBTCD-26SEP0506,KXBTCD-26SEP0506-T79599.99,120,1788602280,0.5821416243592797,0.99,1.0,yes,0.030025337381552053,0.37229999999999996
KXBTCD-26SEP0505,KXBTCD-26SEP0505-T79599.99,3600,1788595200,0.5892400555350913,0.85,0.86,yes,0.08106044938935499,0.377
KXBTCD-26SEP0505,KXBTCD-26SEP0505-T79599.99,1800,1788597000,0.5092141197069373,0.79,0.8,yes,0.011119808799486403,0.3738
KXBTCD-26SEP0505,KXBTCD-26SEP0505-T79599.99,600,1788598200,0.4858612294514588,0.63,0.65,yes,,0.3734
KXBTCD-26SEP0505,KXBTCD-26SEP0505-T79599.99,120,1788598680,0.6915667507913483,0.98,0.99,yes,0.08607432938839872,0.37310000000000004
KXBTCD-26SEP0504,KXBTCD-26SEP0504-T79599.99,3600,1788591600,0.540889763609693,0.73,0.74,yes,0.06269410593469517,0.3763
KXBTCD-26SEP0504,KXBTCD-26SEP0504-T79599.99,1800,1788593400,0.6965265034361521,0.94,0.95,yes,0.1216196992668779,0.37689999999999996
KXBTCD-26SEP0504,KXBTCD-26SEP0504-T79599.99,600,1788594600,0.7862479027658553,0.98,0.99,yes,0.13793299268783213,0.37689999999999996
KXBTCD-26SEP0504,KXBTCD-26SEP0504-T79599.99,120,1788595080,0.9313579431110459,0.99,1.0,yes,0.217409617274978,0.3768
KXBTCD-26SEP0503,KXBTCD-26SEP0503-T79699.99,3600,1788588000,0.3490724096835802,0.16,0.17,no,182.19441166273805,0.37770000000000004
KXBTCD-26SEP0503,KXBTCD-26SEP0503-T79699.99,1800,1788589800,0.4156612579672954,0.31,0.32,no,127.36004186589015,0.3768
KXBTCD-26SEP0503,KXBTCD-26SEP0503-T79699.99,600,1788591000,0.4164663054389938,0.39,0.4,no,121.81086263176539,0.3764
KXBTCD-26SEP0503,KXBTCD-26SEP0503-T79699.99,120,1788591480,0.3630303642676674,0.23,0.25,no,723.9715392757091,0.3766
KXBTCD-26SEP0502,KXBTCD-26SEP0502-T79599.99,3600,1788584400,0.39192038297168,0.26,0.27,no,117.3921580282295,0.37799999999999995
KXBTCD-26SEP0502,KXBTCD-26SEP0502-T79599.99,1800,1788586200,0.4783591895771173,0.53,0.54,no,,0.37729999999999997
KXBTCD-26SEP0502,KXBTCD-26SEP0502-T79599.99,600,1788587400,0.2732072325062349,0.06,0.07,no,694.0946600954153,0.3779
KXBTCD-26SEP0502,KXBTCD-26SEP0502-T79599.99,120,1788587880,0.3693677938596754,0.35,0.38,no,353.4863479720804,0.3768
KXBTCD-26SEP0501,KXBTCD-26SEP0501-T79599.99,3600,1788580800,0.4484848886798616,0.44,0.45,no,25.535732453050016,0.3782
KXBTCD-26SEP0501,KXBTCD-26SEP0501-T79599.99,1800,1788582600,0.407325903971097,0.36,0.37,no,91.10768108098613,0.37829999999999997
KXBTCD-26SEP0501,KXBTCD-26SEP0501-T79599.99,600,1788583800,0.301991634418579,0.32,0.33,no,207.62611310723742,0.37829999999999997
KXBTCD-26SEP0501,KXBTCD-26SEP0501-T79599.99,120,1788584280,0.18559219547944467,0.0,0.01,no,2640.816141304418,0.37829999999999997
KXBTCD-26SEP0500,KXBTCD-26SEP0500-T79499.99,3600,1788577200,0.5848060778314617,0.8,0.81,yes,0.09510004035043214,0.37829999999999997
KXBTCD-26SEP0500,KXBTCD-26SEP0500-T79499.99,1800,1788579000,0.652618098812577,0.88,0.9,yes,0.12139123069309199,0.3782
KXBTCD-26SEP0500,KXBTCD-26SEP0500-T79499.99,600,1788580200,0.8173908696099073,0.99,1.0,yes,0.13312302209801688,0.3784
KXBTCD-26SEP0500,KXBTCD-26SEP0500-T79499.99,120,1788580680,0.9149108424547949,0.99,1.0,yes,0.20143058612293735,0.3782
KXBTCD-26SEP0423,KXBTCD-26SEP0423-T79599.99,3600,1788573600,0.37735683323468144,0.34,0.35,no,74.36544941597042,0.379
KXBTCD-26SEP0423,KXBTCD-26SEP0423-T79599.99,1800,1788575400,0.42882805087599174,0.29,0.3,no,142.51896054256454,0.3785
KXBTCD-26SEP0423,KXBTCD-26SEP0423-T79599.99,600,1788576600,0.338770509384235,0.41,0.42,no,97.70809646429348,0.37829999999999997
KXBTCD-26SEP0423,KXBTCD-26SEP0423-T79599.99,120,1788577080,0.30169482556379124,0.49,0.5,no,,0.37829999999999997
KXBTCD-26SEP0422,KXBTCD-26SEP0422-T79599.99,3600,1788570000,0.4689702192437505,0.53,0.54,no,,0.37979999999999997
KXBTCD-26SEP0422,KXBTCD-26SEP0422-T79599.99,1800,1788571800,0.6820090075282762,0.79,0.8,no,0.21863600342827444,0.37979999999999997
KXBTCD-26SEP0422,KXBTCD-26SEP0422-T79599.99,600,1788573000,0.4170739916058912,0.67,0.68,no,,0.3797
KXBTCD-26SEP0422,KXBTCD-26SEP0422-T79599.99,120,1788573480,0.2049247346822986,0.44,0.45,no,139.50478095106922,0.37920000000000004
KXBTCD-26SEP0421,KXBTCD-26SEP0421-T79499.99,3600,1788566400,0.6897977346971778,0.93,0.94,yes,0.12462437708364194,0.3796
KXBTCD-26SEP0421,KXBTCD-26SEP0421-T79499.99,1800,1788568200,0.8020985072059398,0.96,0.97,yes,0.1779904903245516,0.37929999999999997
KXBTCD-26SEP0421,KXBTCD-26SEP0421-T79499.99,600,1788569400,0.8091843513453728,0.98,0.99,yes,0.1533628322844842,0.3801
KXBTCD-26SEP0421,KXBTCD-26SEP0421-T79499.99,120,1788569880,0.8773815211082645,0.99,1.0,yes,0.17142227051510397,0.3799
KXBTCD-26SEP0420,KXBTCD-26SEP0420-T79599.99,3600,1788562800,0.4917666176169748,0.56,0.57,yes,,0.37829999999999997
KXBTCD-26SEP0420,KXBTCD-26SEP0420-T79599.99,1800,1788564600,0.6387219553648952,0.92,0.93,yes,0.09350698515149067,0.37770000000000004
KXBTCD-26SEP0420,KXBTCD-26SEP0420-T79599.99,600,1788565800,0.6028826185264413,0.95,0.96,yes,0.05860857539211373,0.37979999999999997
KXBTCD-26SEP0420,KXBTCD-26SEP0420-T79599.99,120,1788566280,0.8475160807411434,0.99,1.0,yes,0.15122369826482374,0.3796
KXBTCD-26SEP0419,KXBTCD-26SEP0419-T79699.99,3600,1788559200,0.47815635790795336,0.54,0.55,no,,0.3782
KXBTCD-26SEP0419,KXBTCD-26SEP0419-T79699.99,1800,1788561000,0.5178448874517787,0.59,0.6,no,0.0725114985749517,0.37799999999999995
KXBTCD-26SEP0419,KXBTCD-26SEP0419-T79699.99,600,1788562200,0.37009324993612663,0.44,0.45,no,62.49708758635289,0.37829999999999997
KXBTCD-26SEP0419,KXBTCD-26SEP0419-T79699.99,120,1788562680,0.08512203011705582,0.02,0.03,no,2009.2484397709115,0.3778
KXBTCD-26SEP0418,KXBTCD-26SEP0418-T79599.99,3600,1788555600,0.6571353710676843,0.8,0.81,yes,0.17749144138993084,0.37560000000000004
KXBTCD-26SEP0418,KXBTCD-26SEP0418-T79599.99,1800,1788557400,0.806721394407484,0.95,0.96,yes,0.19241787947431796,0.3763
KXBTCD-26SEP0418,KXBTCD-26SEP0418-T79599.99,600,1788558600,0.8675331039527912,0.97,0.98,yes,0.214312553327194,0.3766
KXBTCD-26SEP0418,KXBTCD-26SEP0418-T79599.99,120,1788559080,0.8358529713336853,0.95,0.96,yes,0.21835344726283054,0.3786
